kind	name	url	sha256	source
input	atac-a-r1_S1_L001_R1_001.fastq.gz	https://raw.githubusercontent.com/nf-core/test-datasets/cd022b097372b078a68d8afadb172ad7342fd91f/testdata/SRR1822153_1.fastq.gz	e94bb94aa3524dff446f405b8979b95304085323a851a33b436fa6511bec9b58	nf-core/test-datasets@cd022b097372b078a68d8afadb172ad7342fd91f:testdata/SRR1822153_1.fastq.gz
input	atac-a-r1_S1_L001_R2_001.fastq.gz	https://raw.githubusercontent.com/nf-core/test-datasets/cd022b097372b078a68d8afadb172ad7342fd91f/testdata/SRR1822153_2.fastq.gz	a7c9455e792e095f5db0f2e27edf912b26bd28398976d8a3ac11ff4a463ada1f	nf-core/test-datasets@cd022b097372b078a68d8afadb172ad7342fd91f:testdata/SRR1822153_2.fastq.gz
input	atac-a-r2_S1_L001_R1_001.fastq.gz	https://raw.githubusercontent.com/nf-core/test-datasets/cd022b097372b078a68d8afadb172ad7342fd91f/testdata/SRR1822154_1.fastq.gz	977e96d46afff3af01527ae8db385c844c9501ed6d239390aa091265a1063159	nf-core/test-datasets@cd022b097372b078a68d8afadb172ad7342fd91f:testdata/SRR1822154_1.fastq.gz
input	atac-a-r2_S1_L001_R2_001.fastq.gz	https://raw.githubusercontent.com/nf-core/test-datasets/cd022b097372b078a68d8afadb172ad7342fd91f/testdata/SRR1822154_2.fastq.gz	95fc1034e236f790a820f5977feb42c0ed895f8fe538ffb3b1643197f6aa7534	nf-core/test-datasets@cd022b097372b078a68d8afadb172ad7342fd91f:testdata/SRR1822154_2.fastq.gz
input	atac-b-r1_S1_L001_R1_001.fastq.gz	https://raw.githubusercontent.com/nf-core/test-datasets/cd022b097372b078a68d8afadb172ad7342fd91f/testdata/SRR1822157_1.fastq.gz	2c08804f7e8f4abf57ed928da041e22f442c033d4e8993946b8d95137d969a60	nf-core/test-datasets@cd022b097372b078a68d8afadb172ad7342fd91f:testdata/SRR1822157_1.fastq.gz
input	atac-b-r1_S1_L001_R2_001.fastq.gz	https://raw.githubusercontent.com/nf-core/test-datasets/cd022b097372b078a68d8afadb172ad7342fd91f/testdata/SRR1822157_2.fastq.gz	d1f8df0027c48ff74b68245e3def9aa50c3c042498e8bd2f073ea12bba2d3d7b	nf-core/test-datasets@cd022b097372b078a68d8afadb172ad7342fd91f:testdata/SRR1822157_2.fastq.gz
input	atac-b-r2_S1_L001_R1_001.fastq.gz	https://raw.githubusercontent.com/nf-core/test-datasets/cd022b097372b078a68d8afadb172ad7342fd91f/testdata/SRR1822158_1.fastq.gz	557434ecf97ed576642689a98622410a7903b777d6b8e1cd613f717ec78d1687	nf-core/test-datasets@cd022b097372b078a68d8afadb172ad7342fd91f:testdata/SRR1822158_1.fastq.gz
input	atac-b-r2_S1_L001_R2_001.fastq.gz	https://raw.githubusercontent.com/nf-core/test-datasets/cd022b097372b078a68d8afadb172ad7342fd91f/testdata/SRR1822158_2.fastq.gz	32b00634ea4e3dfc64385d837addb5f981b473aee2a3a7a5f79f8a5bc228f4e9	nf-core/test-datasets@cd022b097372b078a68d8afadb172ad7342fd91f:testdata/SRR1822158_2.fastq.gz
reference	genome.fa	https://raw.githubusercontent.com/nf-core/test-datasets/cd022b097372b078a68d8afadb172ad7342fd91f/reference/genome.fa	c0b7305c230b550c3d8ccc692df52338afc7a297b43d965868c285b98aa64ae1	nf-core/test-datasets@cd022b097372b078a68d8afadb172ad7342fd91f:reference/genome.fa
reference	genes.gtf	https://raw.githubusercontent.com/nf-core/test-datasets/cd022b097372b078a68d8afadb172ad7342fd91f/reference/genes.gtf	3a1e64b8f290127562612b47d6014bc6e4c130399da3e06ad062b268fd6d08fb	nf-core/test-datasets@cd022b097372b078a68d8afadb172ad7342fd91f:reference/genes.gtf
