# fixture text source (bedGraph section type); chrom start end value, 0-based half-open
#chrom	chrA	60000
#chrom	chrB	12345
chrA	0	10	0.5
chrA	10	30	1.0
chrA	30	50	1.5
chrA	50	60	2.0
chrA	60	70	2.5
chrA	70	75	3.0
chrA	100	140	-0.25
chrA	200	210	0.1
chrA	210	220	1.25
chrA	220	230	2.75
chrA	230	240	-1.5
chrA	240	250	0.0
chrA	250	260	0.1
chrA	260	270	1.25
chrA	270	280	2.75
chrA	280	290	-1.5
chrA	290	300	0.0
chrA	300	310	0.1
chrA	310	320	1.25
chrA	320	330	2.75
chrA	330	340	-1.5
chrA	340	350	0.0
chrA	350	360	0.1
chrA	360	370	1.25
chrA	370	380	2.75
chrA	380	390	-1.5
chrA	390	400	0.0
chrA	400	410	0.1
chrA	410	420	1.25
chrA	420	430	2.75
chrA	430	440	-1.5
chrA	440	450	0.0
chrA	450	460	0.1
chrA	460	470	1.25
chrA	470	480	2.75
chrA	480	490	-1.5
chrA	490	500	0.0
chrA	500	510	0.1
chrA	510	520	1.25
chrA	520	530	2.75
chrA	530	540	-1.5
chrA	540	550	0.0
chrA	550	560	0.1
chrA	560	570	1.25
chrA	570	580	2.75
chrA	580	590	-1.5
chrA	590	600	0.0
chrA	600	610	0.1
chrA	610	620	1.25
chrA	620	630	2.75
chrA	630	640	-1.5
chrA	640	650	0.0
chrA	650	660	0.1
chrA	660	670	1.25
chrA	670	680	2.75
chrA	680	690	-1.5
chrA	690	700	0.0
chrA	700	710	0.1
chrA	710	720	1.25
chrA	720	730	2.75
chrA	730	740	-1.5
chrA	740	750	0.0
chrA	750	760	0.1
chrA	760	770	1.25
chrA	770	780	2.75
chrA	780	790	-1.5
chrA	790	800	0.0
chrA	800	810	0.1
chrA	810	820	1.25
chrA	820	830	2.75
chrA	830	840	-1.5
chrA	840	850	0.0
chrA	850	860	0.1
chrA	860	870	1.25
chrA	870	880	2.75
chrA	880	890	-1.5
chrA	890	900	0.0
chrA	900	910	0.1
chrA	910	920	1.25
chrA	920	930	2.75
chrA	930	940	-1.5
chrA	940	950	0.0
chrA	950	960	0.1
chrA	960	970	1.25
chrA	970	980	2.75
chrA	980	990	-1.5
chrA	990	1000	0.0
chrA	1000	1010	0.1
chrA	1010	1020	1.25
chrA	1020	1030	2.75
chrA	1030	1040	-1.5
chrA	1040	1050	0.0
chrA	1050	1060	0.1
chrA	1060	1070	1.25
chrA	1070	1080	2.75
chrA	1080	1090	-1.5
chrA	1090	1100	0.0
chrA	1100	1110	0.1
chrA	1110	1120	1.25
chrA	1120	1130	2.75
chrA	1130	1140	-1.5
chrA	1140	1150	0.0
chrA	1150	1160	0.1
chrA	1160	1170	1.25
chrA	1170	1180	2.75
chrA	1180	1190	-1.5
chrA	1190	1200	0.0
chrA	1200	1210	0.1
chrA	1210	1220	1.25
chrA	1220	1230	2.75
chrA	1230	1240	-1.5
chrA	1240	1250	0.0
chrA	1250	1260	0.1
chrA	1260	1270	1.25
chrA	1270	1280	2.75
chrA	1280	1290	-1.5
chrA	1290	1300	0.0
chrA	1300	1310	0.1
chrA	1310	1320	1.25
chrA	1320	1330	2.75
chrA	1330	1340	-1.5
chrA	1340	1350	0.0
chrA	1350	1360	0.1
chrA	1360	1370	1.25
chrA	1370	1380	2.75
chrA	1380	1390	-1.5
chrA	1390	1400	0.0
chrA	1400	1410	0.1
chrA	1410	1420	1.25
chrA	1420	1430	2.75
chrA	1430	1440	-1.5
chrA	1440	1450	0.0
chrA	1450	1460	0.1
chrA	1460	1470	1.25
chrA	1470	1480	2.75
chrA	1480	1490	-1.5
chrA	1490	1500	0.0
chrA	1500	1510	0.1
chrA	1510	1520	1.25
chrA	1520	1530	2.75
chrA	1530	1540	-1.5
chrA	1540	1550	0.0
chrA	1550	1560	0.1
chrA	1560	1570	1.25
chrA	1570	1580	2.75
chrA	1580	1590	-1.5
chrA	1590	1600	0.0
chrA	1600	1610	0.1
chrA	1610	1620	1.25
chrA	1620	1630	2.75
chrA	1630	1640	-1.5
chrA	1640	1650	0.0
chrA	1650	1660	0.1
chrA	1660	1670	1.25
chrA	1670	1680	2.75
chrA	1680	1690	-1.5
chrA	1690	1700	0.0
chrA	1700	1710	0.1
chrA	1710	1720	1.25
chrA	1720	1730	2.75
chrA	1730	1740	-1.5
chrA	1740	1750	0.0
chrA	1750	1760	0.1
chrA	1760	1770	1.25
chrA	1770	1780	2.75
chrA	1780	1790	-1.5
chrA	1790	1800	0.0
chrA	1800	1810	0.1
chrA	1810	1820	1.25
chrA	1820	1830	2.75
chrA	1830	1840	-1.5
chrA	1840	1850	0.0
chrA	1850	1860	0.1
chrA	1860	1870	1.25
chrA	1870	1880	2.75
chrA	1880	1890	-1.5
chrA	1890	1900	0.0
chrA	1900	1910	0.1
chrA	1910	1920	1.25
chrA	1920	1930	2.75
chrA	1930	1940	-1.5
chrA	1940	1950	0.0
chrA	1950	1960	0.1
chrA	1960	1970	1.25
chrA	1970	1980	2.75
chrA	1980	1990	-1.5
chrA	1990	2000	0.0
chrA	2000	2010	0.1
chrA	2010	2020	1.25
chrA	2020	2030	2.75
chrA	2030	2040	-1.5
chrA	2040	2050	0.0
chrA	2050	2060	0.1
chrA	2060	2070	1.25
chrA	2070	2080	2.75
chrA	2080	2090	-1.5
chrA	2090	2100	0.0
chrA	2100	2110	0.1
chrA	2110	2120	1.25
chrA	2120	2130	2.75
chrA	2130	2140	-1.5
chrA	2140	2150	0.0
chrA	2150	2160	0.1
chrA	2160	2170	1.25
chrA	2170	2180	2.75
chrA	2180	2190	-1.5
chrA	2190	2200	0.0
chrA	2200	2210	0.1
chrA	2210	2220	1.25
chrA	2220	2230	2.75
chrA	2230	2240	-1.5
chrA	2240	2250	0.0
chrA	2250	2260	0.1
chrA	2260	2270	1.25
chrA	2270	2280	2.75
chrA	2280	2290	-1.5
chrA	2290	2300	0.0
chrA	2300	2310	0.1
chrA	2310	2320	1.25
chrA	2320	2330	2.75
chrA	2330	2340	-1.5
chrA	2340	2350	0.0
chrA	2350	2360	0.1
chrA	2360	2370	1.25
chrA	2370	2380	2.75
chrA	2380	2390	-1.5
chrA	2390	2400	0.0
chrA	2400	2410	0.1
chrA	2410	2420	1.25
chrA	2420	2430	2.75
chrA	2430	2440	-1.5
chrA	2440	2450	0.0
chrA	2450	2460	0.1
chrA	2460	2470	1.25
chrA	2470	2480	2.75
chrA	2480	2490	-1.5
chrA	2490	2500	0.0
chrA	2500	2510	0.1
chrA	2510	2520	1.25
chrA	2520	2530	2.75
chrA	2530	2540	-1.5
chrA	2540	2550	0.0
chrA	2550	2560	0.1
chrA	2560	2570	1.25
chrA	2570	2580	2.75
chrA	2580	2590	-1.5
chrA	2590	2600	0.0
chrA	2600	2610	0.1
chrA	2610	2620	1.25
chrA	2620	2630	2.75
chrA	2630	2640	-1.5
chrA	2640	2650	0.0
chrA	2650	2660	0.1
chrA	2660	2670	1.25
chrA	2670	2680	2.75
chrA	2680	2690	-1.5
chrA	2690	2700	0.0
chrA	2700	2710	0.1
chrA	2710	2720	1.25
chrA	2720	2730	2.75
chrA	2730	2740	-1.5
chrA	2740	2750	0.0
chrA	2750	2760	0.1
chrA	2760	2770	1.25
chrA	2770	2780	2.75
chrA	2780	2790	-1.5
chrA	2790	2800	0.0
chrA	2800	2810	0.1
chrA	2810	2820	1.25
chrA	2820	2830	2.75
chrA	2830	2840	-1.5
chrA	2840	2850	0.0
chrA	2850	2860	0.1
chrA	2860	2870	1.25
chrA	2870	2880	2.75
chrA	2880	2890	-1.5
chrA	2890	2900	0.0
chrA	2900	2910	0.1
chrA	2910	2920	1.25
chrA	2920	2930	2.75
chrA	2930	2940	-1.5
chrA	2940	2950	0.0
chrA	2950	2960	0.1
chrA	2960	2970	1.25
chrA	2970	2980	2.75
chrA	2980	2990	-1.5
chrA	2990	3000	0.0
chrA	3000	3010	0.1
chrA	3010	3020	1.25
chrA	3020	3030	2.75
chrA	3030	3040	-1.5
chrA	3040	3050	0.0
chrA	3050	3060	0.1
chrA	3060	3070	1.25
chrA	3070	3080	2.75
chrA	3080	3090	-1.5
chrA	3090	3100	0.0
chrA	3100	3110	0.1
chrA	3110	3120	1.25
chrA	3120	3130	2.75
chrA	3130	3140	-1.5
chrA	3140	3150	0.0
chrA	3150	3160	0.1
chrA	3160	3170	1.25
chrA	3170	3180	2.75
chrA	3180	3190	-1.5
chrA	3190	3200	0.0
chrA	3200	3210	0.1
chrA	3210	3220	1.25
chrA	3220	3230	2.75
chrA	3230	3240	-1.5
chrA	3240	3250	0.0
chrA	3250	3260	0.1
chrA	3260	3270	1.25
chrA	3270	3280	2.75
chrA	3280	3290	-1.5
chrA	3290	3300	0.0
chrA	3300	3310	0.1
chrA	3310	3320	1.25
chrA	3320	3330	2.75
chrA	3330	3340	-1.5
chrA	3340	3350	0.0
chrA	3350	3360	0.1
chrA	3360	3370	1.25
chrA	3370	3380	2.75
chrA	3380	3390	-1.5
chrA	3390	3400	0.0
chrA	3400	3410	0.1
chrA	3410	3420	1.25
chrA	3420	3430	2.75
chrA	3430	3440	-1.5
chrA	3440	3450	0.0
chrA	3450	3460	0.1
chrA	3460	3470	1.25
chrA	3470	3480	2.75
chrA	3480	3490	-1.5
chrA	3490	3500	0.0
chrA	3500	3510	0.1
chrA	3510	3520	1.25
chrA	3520	3530	2.75
chrA	3530	3540	-1.5
chrA	3540	3550	0.0
chrA	3550	3560	0.1
chrA	3560	3570	1.25
chrA	3570	3580	2.75
chrA	3580	3590	-1.5
chrA	3590	3600	0.0
chrA	3600	3610	0.1
chrA	3610	3620	1.25
chrA	3620	3630	2.75
chrA	3630	3640	-1.5
chrA	3640	3650	0.0
chrA	3650	3660	0.1
chrA	3660	3670	1.25
chrA	3670	3680	2.75
chrA	3680	3690	-1.5
chrA	3690	3700	0.0
chrA	3700	3710	0.1
chrA	3710	3720	1.25
chrA	3720	3730	2.75
chrA	3730	3740	-1.5
chrA	3740	3750	0.0
chrA	3750	3760	0.1
chrA	3760	3770	1.25
chrA	3770	3780	2.75
chrA	3780	3790	-1.5
chrA	3790	3800	0.0
chrA	3800	3810	0.1
chrA	3810	3820	1.25
chrA	3820	3830	2.75
chrA	3830	3840	-1.5
chrA	3840	3850	0.0
chrA	3850	3860	0.1
chrA	3860	3870	1.25
chrA	3870	3880	2.75
chrA	3880	3890	-1.5
chrA	3890	3900	0.0
chrA	3900	3910	0.1
chrA	3910	3920	1.25
chrA	3920	3930	2.75
chrA	3930	3940	-1.5
chrA	3940	3950	0.0
chrA	3950	3960	0.1
chrA	3960	3970	1.25
chrA	3970	3980	2.75
chrA	3980	3990	-1.5
chrA	3990	4000	0.0
chrA	4000	4010	0.1
chrA	4010	4020	1.25
chrA	4020	4030	2.75
chrA	4030	4040	-1.5
chrA	4040	4050	0.0
chrA	4050	4060	0.1
chrA	4060	4070	1.25
chrA	4070	4080	2.75
chrA	4080	4090	-1.5
chrA	4090	4100	0.0
chrA	4100	4110	0.1
chrA	4110	4120	1.25
chrA	4120	4130	2.75
chrA	4130	4140	-1.5
chrA	4140	4150	0.0
chrA	4150	4160	0.1
chrA	4160	4170	1.25
chrA	4170	4180	2.75
chrA	4180	4190	-1.5
chrA	4190	4200	0.0
chrA	9990	10020	1.2
chrA	10020	10030	nan
chrA	10030	10040	0.75
chrA	20000	20010	inf
chrA	20010	20020	-3.0
chrA	25000	25010	2.25
chrA	25010	25020	-0.5
chrA	25020	25030	1.0
chrA	25030	25040	1.0000001
chrA	25040	25050	0.9999999
chrA	25050	25060	2.0
chrA	25060	25070	2.25
chrA	25070	25080	-0.5
chrA	25080	25090	1.0
chrA	25090	25100	1.0000001
chrA	25100	25110	0.9999999
chrA	25110	25120	2.0
chrA	25120	25130	2.25
chrA	25130	25140	-0.5
chrA	25140	25150	1.0
chrA	25150	25160	1.0000001
chrA	25160	25170	0.9999999
chrA	25170	25180	2.0
chrA	25180	25190	2.25
chrA	25190	25200	-0.5
chrA	25200	25210	1.0
chrA	25210	25220	1.0000001
chrA	25220	25230	0.9999999
chrA	25230	25240	2.0
chrA	25240	25250	2.25
chrA	25250	25260	-0.5
chrA	25260	25270	1.0
chrA	25270	25280	1.0000001
chrA	25280	25290	0.9999999
chrA	25290	25300	2.0
chrA	25300	25310	2.25
chrA	25310	25320	-0.5
chrA	25320	25330	1.0
chrA	25330	25340	1.0000001
chrA	25340	25350	0.9999999
chrA	25350	25360	2.0
chrA	25360	25370	2.25
chrA	25370	25380	-0.5
chrA	25380	25390	1.0
chrA	25390	25400	1.0000001
chrA	25400	25410	0.9999999
chrA	25410	25420	2.0
chrA	25420	25430	2.25
chrA	25430	25440	-0.5
chrA	25440	25450	1.0
chrA	25450	25460	1.0000001
chrA	25460	25470	0.9999999
chrA	25470	25480	2.0
chrA	25480	25490	2.25
chrA	25490	25500	-0.5
chrA	25500	25510	1.0
chrA	25510	25520	1.0000001
chrA	25520	25530	0.9999999
chrA	25530	25540	2.0
chrA	25540	25550	2.25
chrA	25550	25560	-0.5
chrA	25560	25570	1.0
chrA	25570	25580	1.0000001
chrA	25580	25590	0.9999999
chrA	25590	25600	2.0
chrA	25600	25610	2.25
chrA	25610	25620	-0.5
chrA	25620	25630	1.0
chrA	25630	25640	1.0000001
chrA	25640	25650	0.9999999
chrA	25650	25660	2.0
chrA	25660	25670	2.25
chrA	25670	25680	-0.5
chrA	25680	25690	1.0
chrA	25690	25700	1.0000001
chrA	25700	25710	0.9999999
chrA	25710	25720	2.0
chrA	25720	25730	2.25
chrA	25730	25740	-0.5
chrA	25740	25750	1.0
chrA	25750	25760	1.0000001
chrA	25760	25770	0.9999999
chrA	25770	25780	2.0
chrA	25780	25790	2.25
chrA	25790	25800	-0.5
chrA	25800	25810	1.0
chrA	25810	25820	1.0000001
chrA	25820	25830	0.9999999
chrA	25830	25840	2.0
chrA	25840	25850	2.25
chrA	25850	25860	-0.5
chrA	25860	25870	1.0
chrA	25870	25880	1.0000001
chrA	25880	25890	0.9999999
chrA	25890	25900	2.0
chrA	25900	25910	2.25
chrA	25910	25920	-0.5
chrA	25920	25930	1.0
chrA	25930	25940	1.0000001
chrA	25940	25950	0.9999999
chrA	25950	25960	2.0
chrA	25960	25970	2.25
chrA	25970	25980	-0.5
chrA	25980	25990	1.0
chrA	25990	26000	1.0000001
chrA	26000	26010	0.9999999
chrA	26010	26020	2.0
chrA	26020	26030	2.25
chrA	26030	26040	-0.5
chrA	26040	26050	1.0
chrA	26050	26060	1.0000001
chrA	26060	26070	0.9999999
chrA	26070	26080	2.0
chrA	26080	26090	2.25
chrA	26090	26100	-0.5
chrA	26100	26110	1.0
chrA	26110	26120	1.0000001
chrA	26120	26130	0.9999999
chrA	26130	26140	2.0
chrA	26140	26150	2.25
chrA	26150	26160	-0.5
chrA	26160	26170	1.0
chrA	26170	26180	1.0000001
chrA	26180	26190	0.9999999
chrA	26190	26200	2.0
chrA	26200	26210	2.25
chrA	26210	26220	-0.5
chrA	26220	26230	1.0
chrA	26230	26240	1.0000001
chrA	26240	26250	0.9999999
chrA	26250	26260	2.0
chrA	26260	26270	2.25
chrA	26270	26280	-0.5
chrA	26280	26290	1.0
chrA	26290	26300	1.0000001
chrA	26300	26310	0.9999999
chrA	26310	26320	2.0
chrA	26320	26330	2.25
chrA	26330	26340	-0.5
chrA	26340	26350	1.0
chrA	26350	26360	1.0000001
chrA	26360	26370	0.9999999
chrA	26370	26380	2.0
chrA	26380	26390	2.25
chrA	26390	26400	-0.5
chrA	26400	26410	1.0
chrA	26410	26420	1.0000001
chrA	26420	26430	0.9999999
chrA	26430	26440	2.0
chrA	26440	26450	2.25
chrA	26450	26460	-0.5
chrA	26460	26470	1.0
chrA	26470	26480	1.0000001
chrA	26480	26490	0.9999999
chrA	26490	26500	2.0
chrA	26500	26510	2.25
chrA	26510	26520	-0.5
chrA	26520	26530	1.0
chrA	26530	26540	1.0000001
chrA	26540	26550	0.9999999
chrA	26550	26560	2.0
chrA	26560	26570	2.25
chrA	26570	26580	-0.5
chrA	26580	26590	1.0
chrA	26590	26600	1.0000001
chrA	26600	26610	0.9999999
chrA	26610	26620	2.0
chrA	26620	26630	2.25
chrA	26630	26640	-0.5
chrA	26640	26650	1.0
chrA	26650	26660	1.0000001
chrA	26660	26670	0.9999999
chrA	26670	26680	2.0
chrA	26680	26690	2.25
chrA	26690	26700	-0.5
chrA	26700	26710	1.0
chrA	26710	26720	1.0000001
chrA	26720	26730	0.9999999
chrA	26730	26740	2.0
chrA	26740	26750	2.25
chrA	26750	26760	-0.5
chrA	26760	26770	1.0
chrA	26770	26780	1.0000001
chrA	26780	26790	0.9999999
chrA	26790	26800	2.0
chrA	26800	26810	2.25
chrA	26810	26820	-0.5
chrA	26820	26830	1.0
chrA	26830	26840	1.0000001
chrA	26840	26850	0.9999999
chrA	26850	26860	2.0
chrA	26860	26870	2.25
chrA	26870	26880	-0.5
chrA	26880	26890	1.0
chrA	26890	26900	1.0000001
chrA	26900	26910	0.9999999
chrA	26910	26920	2.0
chrA	26920	26930	2.25
chrA	26930	26940	-0.5
chrA	26940	26950	1.0
chrA	26950	26960	1.0000001
chrA	26960	26970	0.9999999
chrA	26970	26980	2.0
chrA	26980	26990	2.25
chrA	26990	27000	-0.5
chrA	27000	27010	1.0
chrA	27010	27020	1.0000001
chrA	27020	27030	0.9999999
chrA	27030	27040	2.0
chrA	27040	27050	2.25
chrA	27050	27060	-0.5
chrA	27060	27070	1.0
chrA	27070	27080	1.0000001
chrA	27080	27090	0.9999999
chrA	27090	27100	2.0
chrA	27100	27110	2.25
chrA	27110	27120	-0.5
chrA	27120	27130	1.0
chrA	27130	27140	1.0000001
chrA	27140	27150	0.9999999
chrA	27150	27160	2.0
chrA	27160	27170	2.25
chrA	27170	27180	-0.5
chrA	27180	27190	1.0
chrA	27190	27200	1.0000001
chrA	27200	27210	0.9999999
chrA	27210	27220	2.0
chrA	27220	27230	2.25
chrA	27230	27240	-0.5
chrA	27240	27250	1.0
chrA	27250	27260	1.0000001
chrA	27260	27270	0.9999999
chrA	27270	27280	2.0
chrA	27280	27290	2.25
chrA	27290	27300	-0.5
chrA	27300	27310	1.0
chrA	27310	27320	1.0000001
chrA	27320	27330	0.9999999
chrA	27330	27340	2.0
chrA	27340	27350	2.25
chrA	27350	27360	-0.5
chrA	27360	27370	1.0
chrA	27370	27380	1.0000001
chrA	27380	27390	0.9999999
chrA	27390	27400	2.0
chrA	27400	27410	2.25
chrA	27410	27420	-0.5
chrA	27420	27430	1.0
chrA	27430	27440	1.0000001
chrA	27440	27450	0.9999999
chrA	27450	27460	2.0
chrA	27460	27470	2.25
chrA	27470	27480	-0.5
chrA	27480	27490	1.0
chrA	27490	27500	1.0000001
chrA	27500	27510	0.9999999
chrA	27510	27520	2.0
chrA	27520	27530	2.25
chrA	27530	27540	-0.5
chrA	27540	27550	1.0
chrA	27550	27560	1.0000001
chrA	27560	27570	0.9999999
chrA	27570	27580	2.0
chrA	27580	27590	2.25
chrA	27590	27600	-0.5
chrA	27600	27610	1.0
chrA	27610	27620	1.0000001
chrA	27620	27630	0.9999999
chrA	27630	27640	2.0
chrA	27640	27650	2.25
chrA	27650	27660	-0.5
chrA	27660	27670	1.0
chrA	27670	27680	1.0000001
chrA	27680	27690	0.9999999
chrA	27690	27700	2.0
chrA	27700	27710	2.25
chrA	27710	27720	-0.5
chrA	27720	27730	1.0
chrA	27730	27740	1.0000001
chrA	27740	27750	0.9999999
chrA	27750	27760	2.0
chrA	27760	27770	2.25
chrA	27770	27780	-0.5
chrA	27780	27790	1.0
chrA	27790	27800	1.0000001
chrA	27800	27810	0.9999999
chrA	27810	27820	2.0
chrA	27820	27830	2.25
chrA	27830	27840	-0.5
chrA	27840	27850	1.0
chrA	27850	27860	1.0000001
chrA	27860	27870	0.9999999
chrA	27870	27880	2.0
chrA	27880	27890	2.25
chrA	27890	27900	-0.5
chrA	27900	27910	1.0
chrA	27910	27920	1.0000001
chrA	27920	27930	0.9999999
chrA	27930	27940	2.0
chrA	27940	27950	2.25
chrA	27950	27960	-0.5
chrA	27960	27970	1.0
chrA	27970	27980	1.0000001
chrA	27980	27990	0.9999999
chrA	27990	28000	2.0
chrA	28000	28010	2.25
chrA	28010	28020	-0.5
chrA	28020	28030	1.0
chrA	28030	28040	1.0000001
chrA	28040	28050	0.9999999
chrA	28050	28060	2.0
chrA	28060	28070	2.25
chrA	28070	28080	-0.5
chrA	28080	28090	1.0
chrA	28090	28100	1.0000001
chrA	28100	28110	0.9999999
chrA	28110	28120	2.0
chrA	28120	28130	2.25
chrA	28130	28140	-0.5
chrA	28140	28150	1.0
chrA	28150	28160	1.0000001
chrA	28160	28170	0.9999999
chrA	28170	28180	2.0
chrA	28180	28190	2.25
chrA	28190	28200	-0.5
chrA	28200	28210	1.0
chrA	28210	28220	1.0000001
chrA	28220	28230	0.9999999
chrA	28230	28240	2.0
chrA	28240	28250	2.25
chrA	28250	28260	-0.5
chrA	28260	28270	1.0
chrA	28270	28280	1.0000001
chrA	28280	28290	0.9999999
chrA	28290	28300	2.0
chrA	28300	28310	2.25
chrA	28310	28320	-0.5
chrA	28320	28330	1.0
chrA	28330	28340	1.0000001
chrA	28340	28350	0.9999999
chrA	28350	28360	2.0
chrA	28360	28370	2.25
chrA	28370	28380	-0.5
chrA	28380	28390	1.0
chrA	28390	28400	1.0000001
chrA	28400	28410	0.9999999
chrA	28410	28420	2.0
chrA	28420	28430	2.25
chrA	28430	28440	-0.5
chrA	28440	28450	1.0
chrA	28450	28460	1.0000001
chrA	28460	28470	0.9999999
chrA	28470	28480	2.0
chrA	28480	28490	2.25
chrA	28490	28500	-0.5
chrA	28500	28510	1.0
chrA	28510	28520	1.0000001
chrA	28520	28530	0.9999999
chrA	28530	28540	2.0
chrA	28540	28550	2.25
chrA	28550	28560	-0.5
chrA	28560	28570	1.0
chrA	28570	28580	1.0000001
chrA	28580	28590	0.9999999
chrA	28590	28600	2.0
chrA	28600	28610	2.25
chrA	28610	28620	-0.5
chrA	28620	28630	1.0
chrA	28630	28640	1.0000001
chrA	28640	28650	0.9999999
chrA	28650	28660	2.0
chrA	28660	28670	2.25
chrA	28670	28680	-0.5
chrA	28680	28690	1.0
chrA	28690	28700	1.0000001
chrA	28700	28710	0.9999999
chrA	28710	28720	2.0
chrA	28720	28730	2.25
chrA	28730	28740	-0.5
chrA	28740	28750	1.0
chrA	28750	28760	1.0000001
chrA	28760	28770	0.9999999
chrA	28770	28780	2.0
chrA	28780	28790	2.25
chrA	28790	28800	-0.5
chrA	28800	28810	1.0
chrA	28810	28820	1.0000001
chrA	28820	28830	0.9999999
chrA	28830	28840	2.0
chrA	28840	28850	2.25
chrA	28850	28860	-0.5
chrA	28860	28870	1.0
chrA	28870	28880	1.0000001
chrA	28880	28890	0.9999999
chrA	28890	28900	2.0
chrA	28900	28910	2.25
chrA	28910	28920	-0.5
chrA	28920	28930	1.0
chrA	28930	28940	1.0000001
chrA	28940	28950	0.9999999
chrA	28950	28960	2.0
chrA	28960	28970	2.25
chrA	28970	28980	-0.5
chrA	28980	28990	1.0
chrA	28990	29000	1.0000001
chrA	29000	29010	0.9999999
chrA	29010	29020	2.0
chrA	29020	29030	2.25
chrA	29030	29040	-0.5
chrA	29040	29050	1.0
chrA	29050	29060	1.0000001
chrA	29060	29070	0.9999999
chrA	29070	29080	2.0
chrA	29080	29090	2.25
chrA	29090	29100	-0.5
chrA	29100	29110	1.0
chrA	29110	29120	1.0000001
chrA	29120	29130	0.9999999
chrA	29130	29140	2.0
chrA	29140	29150	2.25
chrA	29150	29160	-0.5
chrA	29160	29170	1.0
chrA	29170	29180	1.0000001
chrA	29180	29190	0.9999999
chrA	29190	29200	2.0
chrA	29200	29210	2.25
chrA	29210	29220	-0.5
chrA	29220	29230	1.0
chrA	29230	29240	1.0000001
chrA	29240	29250	0.9999999
chrA	29250	29260	2.0
chrA	29260	29270	2.25
chrA	29270	29280	-0.5
chrA	29280	29290	1.0
chrA	29290	29300	1.0000001
chrA	29300	29310	0.9999999
chrA	29310	29320	2.0
chrA	29320	29330	2.25
chrA	29330	29340	-0.5
chrA	29340	29350	1.0
chrA	29350	29360	1.0000001
chrA	29360	29370	0.9999999
chrA	29370	29380	2.0
chrA	29380	29390	2.25
chrA	29390	29400	-0.5
chrA	29400	29410	1.0
chrA	29410	29420	1.0000001
chrA	29420	29430	0.9999999
chrA	29430	29440	2.0
chrA	29440	29450	2.25
chrA	29450	29460	-0.5
chrA	29460	29470	1.0
chrA	29470	29480	1.0000001
chrA	29480	29490	0.9999999
chrA	29490	29500	2.0
chrA	29500	29510	2.25
chrA	29510	29520	-0.5
chrA	29520	29530	1.0
chrA	29530	29540	1.0000001
chrA	29540	29550	0.9999999
chrA	29550	29560	2.0
chrA	29560	29570	2.25
chrA	29570	29580	-0.5
chrA	29580	29590	1.0
chrA	29590	29600	1.0000001
chrA	29600	29610	0.9999999
chrA	29610	29620	2.0
chrA	29620	29630	2.25
chrA	29630	29640	-0.5
chrA	29640	29650	1.0
chrA	29650	29660	1.0000001
chrA	29660	29670	0.9999999
chrA	29670	29680	2.0
chrA	29680	29690	2.25
chrA	29690	29700	-0.5
chrA	29700	29710	1.0
chrA	29710	29720	1.0000001
chrA	29720	29730	0.9999999
chrA	29730	29740	2.0
chrA	29740	29750	2.25
chrA	29750	29760	-0.5
chrA	29760	29770	1.0
chrA	29770	29780	1.0000001
chrA	29780	29790	0.9999999
chrA	29790	29800	2.0
chrA	29800	29810	2.25
chrA	29810	29820	-0.5
chrA	29820	29830	1.0
chrA	29830	29840	1.0000001
chrA	29840	29850	0.9999999
chrA	29850	29860	2.0
chrA	29860	29870	2.25
chrA	29870	29880	-0.5
chrA	29880	29890	1.0
chrA	29890	29900	1.0000001
chrA	29900	29910	0.9999999
chrA	29910	29920	2.0
chrA	29920	29930	2.25
chrA	29930	29940	-0.5
chrA	29940	29950	1.0
chrA	29950	29960	1.0000001
chrA	29960	29970	0.9999999
chrA	29970	29980	2.0
chrA	29980	29990	2.25
chrA	29990	30000	-0.5
chrA	30000	30010	1.0
chrA	30010	30020	1.0000001
chrA	30020	30030	0.9999999
chrA	30030	30040	2.0
chrA	30040	30050	2.25
chrA	30050	30060	-0.5
chrA	30060	30070	1.0
chrA	30070	30080	1.0000001
chrA	30080	30090	0.9999999
chrA	30090	30100	2.0
chrA	30100	30110	2.25
chrA	30110	30120	-0.5
chrA	30120	30130	1.0
chrA	30130	30140	1.0000001
chrA	30140	30150	0.9999999
chrA	30150	30160	2.0
chrA	30160	30170	2.25
chrA	30170	30180	-0.5
chrA	30180	30190	1.0
chrA	30190	30200	1.0000001
chrA	30200	30210	0.9999999
chrA	30210	30220	2.0
chrA	30220	30230	2.25
chrA	30230	30240	-0.5
chrA	30240	30250	1.0
chrA	30250	30260	1.0000001
chrA	30260	30270	0.9999999
chrA	30270	30280	2.0
chrA	30280	30290	2.25
chrA	30290	30300	-0.5
chrA	30300	30310	1.0
chrA	30310	30320	1.0000001
chrA	30320	30330	0.9999999
chrA	30330	30340	2.0
chrA	30340	30350	2.25
chrA	30350	30360	-0.5
chrA	30360	30370	1.0
chrA	30370	30380	1.0000001
chrA	30380	30390	0.9999999
chrA	30390	30400	2.0
chrA	30400	30410	2.25
chrA	30410	30420	-0.5
chrA	30420	30430	1.0
chrA	30430	30440	1.0000001
chrA	30440	30450	0.9999999
chrA	30450	30460	2.0
chrA	30460	30470	2.25
chrA	30470	30480	-0.5
chrA	30480	30490	1.0
chrA	30490	30500	1.0000001
chrA	30500	30510	0.9999999
chrA	30510	30520	2.0
chrA	30520	30530	2.25
chrA	30530	30540	-0.5
chrA	30540	30550	1.0
chrA	30550	30560	1.0000001
chrA	30560	30570	0.9999999
chrA	30570	30580	2.0
chrA	30580	30590	2.25
chrA	30590	30600	-0.5
chrA	30600	30610	1.0
chrA	30610	30620	1.0000001
chrA	30620	30630	0.9999999
chrA	30630	30640	2.0
chrA	30640	30650	2.25
chrA	30650	30660	-0.5
chrA	30660	30670	1.0
chrA	30670	30680	1.0000001
chrA	30680	30690	0.9999999
chrA	30690	30700	2.0
chrA	30700	30710	2.25
chrA	30710	30720	-0.5
chrA	30720	30730	1.0
chrA	30730	30740	1.0000001
chrA	30740	30750	0.9999999
chrA	30750	30760	2.0
chrA	30760	30770	2.25
chrA	30770	30780	-0.5
chrA	30780	30790	1.0
chrA	30790	30800	1.0000001
chrA	30800	30810	0.9999999
chrA	30810	30820	2.0
chrA	30820	30830	2.25
chrA	30830	30840	-0.5
chrA	30840	30850	1.0
chrA	30850	30860	1.0000001
chrA	30860	30870	0.9999999
chrA	30870	30880	2.0
chrA	30880	30890	2.25
chrA	30890	30900	-0.5
chrA	30900	30910	1.0
chrA	30910	30920	1.0000001
chrA	30920	30930	0.9999999
chrA	30930	30940	2.0
chrA	30940	30950	2.25
chrA	30950	30960	-0.5
chrA	30960	30970	1.0
chrA	30970	30980	1.0000001
chrA	30980	30990	0.9999999
chrA	30990	31000	2.0
chrA	31000	31010	2.25
chrA	31010	31020	-0.5
chrA	31020	31030	1.0
chrA	31030	31040	1.0000001
chrA	31040	31050	0.9999999
chrA	31050	31060	2.0
chrA	31060	31070	2.25
chrA	31070	31080	-0.5
chrA	31080	31090	1.0
chrA	31090	31100	1.0000001
chrA	31100	31110	0.9999999
chrA	31110	31120	2.0
chrA	31120	31130	2.25
chrA	31130	31140	-0.5
chrA	31140	31150	1.0
chrA	31150	31160	1.0000001
chrA	31160	31170	0.9999999
chrA	31170	31180	2.0
chrA	31180	31190	2.25
chrA	31190	31200	-0.5
chrA	31200	31210	1.0
chrA	31210	31220	1.0000001
chrA	31220	31230	0.9999999
chrA	31230	31240	2.0
chrA	31240	31250	2.25
chrA	31250	31260	-0.5
chrA	31260	31270	1.0
chrA	31270	31280	1.0000001
chrA	31280	31290	0.9999999
chrA	31290	31300	2.0
chrA	31300	31310	2.25
chrA	31310	31320	-0.5
chrA	31320	31330	1.0
chrA	31330	31340	1.0000001
chrA	31340	31350	0.9999999
chrA	31350	31360	2.0
chrA	31360	31370	2.25
chrA	31370	31380	-0.5
chrA	31380	31390	1.0
chrA	31390	31400	1.0000001
chrA	31400	31410	0.9999999
chrA	31410	31420	2.0
chrA	31420	31430	2.25
chrA	31430	31440	-0.5
chrA	31440	31450	1.0
chrA	31450	31460	1.0000001
chrA	31460	31470	0.9999999
chrA	31470	31480	2.0
chrA	31480	31490	2.25
chrA	31490	31500	-0.5
chrA	31500	31510	1.0
chrA	31510	31520	1.0000001
chrA	31520	31530	0.9999999
chrA	31530	31540	2.0
chrA	31540	31550	2.25
chrA	31550	31560	-0.5
chrA	31560	31570	1.0
chrA	31570	31580	1.0000001
chrA	31580	31590	0.9999999
chrA	31590	31600	2.0
chrA	31600	31610	2.25
chrA	31610	31620	-0.5
chrA	31620	31630	1.0
chrA	31630	31640	1.0000001
chrA	31640	31650	0.9999999
chrA	31650	31660	2.0
chrA	31660	31670	2.25
chrA	31670	31680	-0.5
chrA	31680	31690	1.0
chrA	31690	31700	1.0000001
chrA	31700	31710	0.9999999
chrA	31710	31720	2.0
chrA	31720	31730	2.25
chrA	31730	31740	-0.5
chrA	31740	31750	1.0
chrA	31750	31760	1.0000001
chrA	31760	31770	0.9999999
chrA	31770	31780	2.0
chrA	31780	31790	2.25
chrA	31790	31800	-0.5
chrA	31800	31810	1.0
chrA	31810	31820	1.0000001
chrA	31820	31830	0.9999999
chrA	31830	31840	2.0
chrA	31840	31850	2.25
chrA	31850	31860	-0.5
chrA	31860	31870	1.0
chrA	31870	31880	1.0000001
chrA	31880	31890	0.9999999
chrA	31890	31900	2.0
chrA	31900	31910	2.25
chrA	31910	31920	-0.5
chrA	31920	31930	1.0
chrA	31930	31940	1.0000001
chrA	31940	31950	0.9999999
chrA	31950	31960	2.0
chrA	31960	31970	2.25
chrA	31970	31980	-0.5
chrA	31980	31990	1.0
chrA	31990	32000	1.0000001
chrA	32000	32010	0.9999999
chrA	32010	32020	2.0
chrA	32020	32030	2.25
chrA	32030	32040	-0.5
chrA	32040	32050	1.0
chrA	32050	32060	1.0000001
chrA	32060	32070	0.9999999
chrA	32070	32080	2.0
chrA	32080	32090	2.25
chrA	32090	32100	-0.5
chrA	32100	32110	1.0
chrA	32110	32120	1.0000001
chrA	32120	32130	0.9999999
chrA	32130	32140	2.0
chrA	32140	32150	2.25
chrA	32150	32160	-0.5
chrA	32160	32170	1.0
chrA	32170	32180	1.0000001
chrA	32180	32190	0.9999999
chrA	32190	32200	2.0
chrA	32200	32210	2.25
chrA	32210	32220	-0.5
chrA	32220	32230	1.0
chrA	32230	32240	1.0000001
chrA	32240	32250	0.9999999
chrA	32250	32260	2.0
chrA	32260	32270	2.25
chrA	32270	32280	-0.5
chrA	32280	32290	1.0
chrA	32290	32300	1.0000001
chrA	32300	32310	0.9999999
chrA	32310	32320	2.0
chrA	32320	32330	2.25
chrA	32330	32340	-0.5
chrA	32340	32350	1.0
chrA	32350	32360	1.0000001
chrA	32360	32370	0.9999999
chrA	32370	32380	2.0
chrA	32380	32390	2.25
chrA	32390	32400	-0.5
chrA	32400	32410	1.0
chrA	32410	32420	1.0000001
chrA	32420	32430	0.9999999
chrA	32430	32440	2.0
chrA	32440	32450	2.25
chrA	32450	32460	-0.5
chrA	32460	32470	1.0
chrA	32470	32480	1.0000001
chrA	32480	32490	0.9999999
chrA	32490	32500	2.0
chrA	32500	32510	2.25
chrA	32510	32520	-0.5
chrA	32520	32530	1.0
chrA	32530	32540	1.0000001
chrA	32540	32550	0.9999999
chrA	32550	32560	2.0
chrA	32560	32570	2.25
chrA	32570	32580	-0.5
chrA	32580	32590	1.0
chrA	32590	32600	1.0000001
chrA	32600	32610	0.9999999
chrA	32610	32620	2.0
chrA	32620	32630	2.25
chrA	32630	32640	-0.5
chrA	32640	32650	1.0
chrA	32650	32660	1.0000001
chrA	32660	32670	0.9999999
chrA	32670	32680	2.0
chrA	32680	32690	2.25
chrA	32690	32700	-0.5
chrA	32700	32710	1.0
chrA	32710	32720	1.0000001
chrA	32720	32730	0.9999999
chrA	32730	32740	2.0
chrA	32740	32750	2.25
chrA	32750	32760	-0.5
chrA	32760	32770	1.0
chrA	32770	32780	1.0000001
chrA	32780	32790	0.9999999
chrA	32790	32800	2.0
chrA	32800	32810	2.25
chrA	32810	32820	-0.5
chrA	32820	32830	1.0
chrA	32830	32840	1.0000001
chrA	32840	32850	0.9999999
chrA	32850	32860	2.0
chrA	32860	32870	2.25
chrA	32870	32880	-0.5
chrA	32880	32890	1.0
chrA	32890	32900	1.0000001
chrA	32900	32910	0.9999999
chrA	32910	32920	2.0
chrA	32920	32930	2.25
chrA	32930	32940	-0.5
chrA	32940	32950	1.0
chrA	32950	32960	1.0000001
chrA	32960	32970	0.9999999
chrA	32970	32980	2.0
chrA	32980	32990	2.25
chrA	32990	33000	-0.5
chrA	33000	33010	1.0
chrA	33010	33020	1.0000001
chrA	33020	33030	0.9999999
chrA	33030	33040	2.0
chrA	33040	33050	2.25
chrA	33050	33060	-0.5
chrA	33060	33070	1.0
chrA	33070	33080	1.0000001
chrA	33080	33090	0.9999999
chrA	33090	33100	2.0
chrA	33100	33110	2.25
chrA	33110	33120	-0.5
chrA	33120	33130	1.0
chrA	33130	33140	1.0000001
chrA	33140	33150	0.9999999
chrA	33150	33160	2.0
chrA	33160	33170	2.25
chrA	33170	33180	-0.5
chrA	33180	33190	1.0
chrA	33190	33200	1.0000001
chrA	33200	33210	0.9999999
chrA	33210	33220	2.0
chrA	33220	33230	2.25
chrA	33230	33240	-0.5
chrA	33240	33250	1.0
chrA	33250	33260	1.0000001
chrA	33260	33270	0.9999999
chrA	33270	33280	2.0
chrA	33280	33290	2.25
chrA	33290	33300	-0.5
chrA	33300	33310	1.0
chrA	33310	33320	1.0000001
chrA	33320	33330	0.9999999
chrA	33330	33340	2.0
chrA	33340	33350	2.25
chrA	33350	33360	-0.5
chrA	33360	33370	1.0
chrA	33370	33380	1.0000001
chrA	33380	33390	0.9999999
chrA	33390	33400	2.0
chrA	33400	33410	2.25
chrA	33410	33420	-0.5
chrA	33420	33430	1.0
chrA	33430	33440	1.0000001
chrA	33440	33450	0.9999999
chrA	33450	33460	2.0
chrA	33460	33470	2.25
chrA	33470	33480	-0.5
chrA	33480	33490	1.0
chrA	33490	33500	1.0000001
chrA	33500	33510	0.9999999
chrA	33510	33520	2.0
chrA	33520	33530	2.25
chrA	33530	33540	-0.5
chrA	33540	33550	1.0
chrA	33550	33560	1.0000001
chrA	33560	33570	0.9999999
chrA	33570	33580	2.0
chrA	33580	33590	2.25
chrA	33590	33600	-0.5
chrA	33600	33610	1.0
chrA	33610	33620	1.0000001
chrA	33620	33630	0.9999999
chrA	33630	33640	2.0
chrA	33640	33650	2.25
chrA	33650	33660	-0.5
chrA	33660	33670	1.0
chrA	33670	33680	1.0000001
chrA	33680	33690	0.9999999
chrA	33690	33700	2.0
chrA	33700	33710	2.25
chrA	33710	33720	-0.5
chrA	33720	33730	1.0
chrA	33730	33740	1.0000001
chrA	33740	33750	0.9999999
chrA	33750	33760	2.0
chrA	33760	33770	2.25
chrA	33770	33780	-0.5
chrA	33780	33790	1.0
chrA	33790	33800	1.0000001
chrA	33800	33810	0.9999999
chrA	33810	33820	2.0
chrA	33820	33830	2.25
chrA	33830	33840	-0.5
chrA	33840	33850	1.0
chrA	33850	33860	1.0000001
chrA	33860	33870	0.9999999
chrA	33870	33880	2.0
chrA	33880	33890	2.25
chrA	33890	33900	-0.5
chrA	33900	33910	1.0
chrA	33910	33920	1.0000001
chrA	33920	33930	0.9999999
chrA	33930	33940	2.0
chrA	33940	33950	2.25
chrA	33950	33960	-0.5
chrA	33960	33970	1.0
chrA	33970	33980	1.0000001
chrA	33980	33990	0.9999999
chrA	33990	34000	2.0
chrA	34000	34010	2.25
chrA	34010	34020	-0.5
chrA	34020	34030	1.0
chrA	34030	34040	1.0000001
chrA	34040	34050	0.9999999
chrA	34050	34060	2.0
chrA	34060	34070	2.25
chrA	34070	34080	-0.5
chrA	34080	34090	1.0
chrA	34090	34100	1.0000001
chrA	34100	34110	0.9999999
chrA	34110	34120	2.0
chrA	34120	34130	2.25
chrA	34130	34140	-0.5
chrA	34140	34150	1.0
chrA	34150	34160	1.0000001
chrA	34160	34170	0.9999999
chrA	34170	34180	2.0
chrA	34180	34190	2.25
chrA	34190	34200	-0.5
chrA	34200	34210	1.0
chrA	34210	34220	1.0000001
chrA	34220	34230	0.9999999
chrA	34230	34240	2.0
chrA	34240	34250	2.25
chrA	34250	34260	-0.5
chrA	34260	34270	1.0
chrA	34270	34280	1.0000001
chrA	34280	34290	0.9999999
chrA	34290	34300	2.0
chrA	34300	34310	2.25
chrA	34310	34320	-0.5
chrA	34320	34330	1.0
chrA	34330	34340	1.0000001
chrA	34340	34350	0.9999999
chrA	34350	34360	2.0
chrA	34360	34370	2.25
chrA	34370	34380	-0.5
chrA	34380	34390	1.0
chrA	34390	34400	1.0000001
chrA	34400	34410	0.9999999
chrA	34410	34420	2.0
chrA	34420	34430	2.25
chrA	34430	34440	-0.5
chrA	34440	34450	1.0
chrA	34450	34460	1.0000001
chrA	34460	34470	0.9999999
chrA	34470	34480	2.0
chrA	34480	34490	2.25
chrA	34490	34500	-0.5
chrA	34500	34510	1.0
chrA	34510	34520	1.0000001
chrA	34520	34530	0.9999999
chrA	34530	34540	2.0
chrA	34540	34550	2.25
chrA	34550	34560	-0.5
chrA	34560	34570	1.0
chrA	34570	34580	1.0000001
chrA	34580	34590	0.9999999
chrA	34590	34600	2.0
chrA	34600	34610	2.25
chrA	34610	34620	-0.5
chrA	34620	34630	1.0
chrA	34630	34640	1.0000001
chrA	34640	34650	0.9999999
chrA	34650	34660	2.0
chrA	34660	34670	2.25
chrA	34670	34680	-0.5
chrA	34680	34690	1.0
chrA	34690	34700	1.0000001
chrA	34700	34710	0.9999999
chrA	34710	34720	2.0
chrA	34720	34730	2.25
chrA	34730	34740	-0.5
chrA	34740	34750	1.0
chrA	34750	34760	1.0000001
chrA	34760	34770	0.9999999
chrA	34770	34780	2.0
chrA	34780	34790	2.25
chrA	34790	34800	-0.5
chrA	34800	34810	1.0
chrA	34810	34820	1.0000001
chrA	34820	34830	0.9999999
chrA	34830	34840	2.0
chrA	34840	34850	2.25
chrA	34850	34860	-0.5
chrA	34860	34870	1.0
chrA	34870	34880	1.0000001
chrA	34880	34890	0.9999999
chrA	34890	34900	2.0
chrA	34900	34910	2.25
chrA	34910	34920	-0.5
chrA	34920	34930	1.0
chrA	34930	34940	1.0000001
chrA	34940	34950	0.9999999
chrA	34950	34960	2.0
chrA	34960	34970	2.25
chrA	34970	34980	-0.5
chrA	34980	34990	1.0
chrA	34990	35000	1.0000001
chrA	35000	35010	0.9999999
chrA	35010	35020	2.0
chrA	35020	35030	2.25
chrA	35030	35040	-0.5
chrA	35040	35050	1.0
chrA	35050	35060	1.0000001
chrA	35060	35070	0.9999999
chrA	35070	35080	2.0
chrA	35080	35090	2.25
chrA	35090	35100	-0.5
chrA	35100	35110	1.0
chrA	35110	35120	1.0000001
chrA	35120	35130	0.9999999
chrA	35130	35140	2.0
chrA	35140	35150	2.25
chrA	35150	35160	-0.5
chrA	35160	35170	1.0
chrA	35170	35180	1.0000001
chrA	35180	35190	0.9999999
chrA	35190	35200	2.0
chrA	35200	35210	2.25
chrA	35210	35220	-0.5
chrA	35220	35230	1.0
chrA	35230	35240	1.0000001
chrA	35240	35250	0.9999999
chrA	35250	35260	2.0
chrA	35260	35270	2.25
chrA	35270	35280	-0.5
chrA	35280	35290	1.0
chrA	35290	35300	1.0000001
chrA	35300	35310	0.9999999
chrA	35310	35320	2.0
chrA	35320	35330	2.25
chrA	35330	35340	-0.5
chrA	35340	35350	1.0
chrA	35350	35360	1.0000001
chrA	35360	35370	0.9999999
chrA	35370	35380	2.0
chrA	35380	35390	2.25
chrA	35390	35400	-0.5
chrA	35400	35410	1.0
chrA	35410	35420	1.0000001
chrA	35420	35430	0.9999999
chrA	35430	35440	2.0
chrA	35440	35450	2.25
chrA	35450	35460	-0.5
chrA	35460	35470	1.0
chrA	35470	35480	1.0000001
chrA	35480	35490	0.9999999
chrA	35490	35500	2.0
chrA	35500	35510	2.25
chrA	35510	35520	-0.5
chrA	35520	35530	1.0
chrA	35530	35540	1.0000001
chrA	35540	35550	0.9999999
chrA	35550	35560	2.0
chrA	35560	35570	2.25
chrA	35570	35580	-0.5
chrA	35580	35590	1.0
chrA	35590	35600	1.0000001
chrA	35600	35610	0.9999999
chrA	35610	35620	2.0
chrA	35620	35630	2.25
chrA	35630	35640	-0.5
chrA	35640	35650	1.0
chrA	35650	35660	1.0000001
chrA	35660	35670	0.9999999
chrA	35670	35680	2.0
chrA	35680	35690	2.25
chrA	35690	35700	-0.5
chrA	35700	35710	1.0
chrA	35710	35720	1.0000001
chrA	35720	35730	0.9999999
chrA	35730	35740	2.0
chrA	35740	35750	2.25
chrA	35750	35760	-0.5
chrA	35760	35770	1.0
chrA	35770	35780	1.0000001
chrA	35780	35790	0.9999999
chrA	35790	35800	2.0
chrA	35800	35810	2.25
chrA	35810	35820	-0.5
chrA	35820	35830	1.0
chrA	35830	35840	1.0000001
chrA	35840	35850	0.9999999
chrA	35850	35860	2.0
chrA	35860	35870	2.25
chrA	35870	35880	-0.5
chrA	35880	35890	1.0
chrA	35890	35900	1.0000001
chrA	35900	35910	0.9999999
chrA	35910	35920	2.0
chrA	35920	35930	2.25
chrA	35930	35940	-0.5
chrA	35940	35950	1.0
chrA	35950	35960	1.0000001
chrA	35960	35970	0.9999999
chrA	35970	35980	2.0
chrA	35980	35990	2.25
chrA	35990	36000	-0.5
chrA	36000	36010	1.0
chrA	36010	36020	1.0000001
chrA	36020	36030	0.9999999
chrA	36030	36040	2.0
chrA	36040	36050	2.25
chrA	36050	36060	-0.5
chrA	36060	36070	1.0
chrA	36070	36080	1.0000001
chrA	36080	36090	0.9999999
chrA	36090	36100	2.0
chrA	36100	36110	2.25
chrA	36110	36120	-0.5
chrA	36120	36130	1.0
chrA	36130	36140	1.0000001
chrA	36140	36150	0.9999999
chrA	36150	36160	2.0
chrA	36160	36170	2.25
chrA	36170	36180	-0.5
chrA	36180	36190	1.0
chrA	36190	36200	1.0000001
chrA	36200	36210	0.9999999
chrA	36210	36220	2.0
chrA	36220	36230	2.25
chrA	36230	36240	-0.5
chrA	36240	36250	1.0
chrA	36250	36260	1.0000001
chrA	36260	36270	0.9999999
chrA	36270	36280	2.0
chrA	36280	36290	2.25
chrA	36290	36300	-0.5
chrA	36300	36310	1.0
chrA	36310	36320	1.0000001
chrA	36320	36330	0.9999999
chrA	36330	36340	2.0
chrA	36340	36350	2.25
chrA	36350	36360	-0.5
chrA	36360	36370	1.0
chrA	36370	36380	1.0000001
chrA	36380	36390	0.9999999
chrA	36390	36400	2.0
chrA	36400	36410	2.25
chrA	36410	36420	-0.5
chrA	36420	36430	1.0
chrA	36430	36440	1.0000001
chrA	36440	36450	0.9999999
chrA	36450	36460	2.0
chrA	36460	36470	2.25
chrA	36470	36480	-0.5
chrA	36480	36490	1.0
chrA	36490	36500	1.0000001
chrA	36500	36510	0.9999999
chrA	36510	36520	2.0
chrA	36520	36530	2.25
chrA	36530	36540	-0.5
chrA	36540	36550	1.0
chrA	36550	36560	1.0000001
chrA	36560	36570	0.9999999
chrA	36570	36580	2.0
chrA	36580	36590	2.25
chrA	36590	36600	-0.5
chrA	36600	36610	1.0
chrA	36610	36620	1.0000001
chrA	36620	36630	0.9999999
chrA	36630	36640	2.0
chrA	36640	36650	2.25
chrA	36650	36660	-0.5
chrA	36660	36670	1.0
chrA	36670	36680	1.0000001
chrA	36680	36690	0.9999999
chrA	36690	36700	2.0
chrA	36700	36710	2.25
chrA	36710	36720	-0.5
chrA	36720	36730	1.0
chrA	36730	36740	1.0000001
chrA	36740	36750	0.9999999
chrA	36750	36760	2.0
chrA	36760	36770	2.25
chrA	36770	36780	-0.5
chrA	36780	36790	1.0
chrA	36790	36800	1.0000001
chrA	36800	36810	0.9999999
chrA	36810	36820	2.0
chrA	36820	36830	2.25
chrA	36830	36840	-0.5
chrA	36840	36850	1.0
chrA	36850	36860	1.0000001
chrA	36860	36870	0.9999999
chrA	36870	36880	2.0
chrA	36880	36890	2.25
chrA	36890	36900	-0.5
chrA	36900	36910	1.0
chrA	36910	36920	1.0000001
chrA	36920	36930	0.9999999
chrA	36930	36940	2.0
chrA	36940	36950	2.25
chrA	36950	36960	-0.5
chrA	36960	36970	1.0
chrA	36970	36980	1.0000001
chrA	36980	36990	0.9999999
chrA	36990	37000	2.0
chrA	37000	37010	2.25
chrA	37010	37020	-0.5
chrA	37020	37030	1.0
chrA	37030	37040	1.0000001
chrA	37040	37050	0.9999999
chrA	37050	37060	2.0
chrA	37060	37070	2.25
chrA	37070	37080	-0.5
chrA	37080	37090	1.0
chrA	37090	37100	1.0000001
chrA	37100	37110	0.9999999
chrA	37110	37120	2.0
chrA	37120	37130	2.25
chrA	37130	37140	-0.5
chrA	37140	37150	1.0
chrA	37150	37160	1.0000001
chrA	37160	37170	0.9999999
chrA	37170	37180	2.0
chrA	37180	37190	2.25
chrA	37190	37200	-0.5
chrA	37200	37210	1.0
chrA	37210	37220	1.0000001
chrA	37220	37230	0.9999999
chrA	37230	37240	2.0
chrA	37240	37250	2.25
chrA	37250	37260	-0.5
chrA	37260	37270	1.0
chrA	37270	37280	1.0000001
chrA	37280	37290	0.9999999
chrA	37290	37300	2.0
chrA	37300	37310	2.25
chrA	37310	37320	-0.5
chrA	37320	37330	1.0
chrA	37330	37340	1.0000001
chrA	37340	37350	0.9999999
chrA	37350	37360	2.0
chrA	37360	37370	2.25
chrA	37370	37380	-0.5
chrA	37380	37390	1.0
chrA	37390	37400	1.0000001
chrA	37400	37410	0.9999999
chrA	37410	37420	2.0
chrA	37420	37430	2.25
chrA	37430	37440	-0.5
chrA	37440	37450	1.0
chrA	37450	37460	1.0000001
chrA	37460	37470	0.9999999
chrA	37470	37480	2.0
chrA	37480	37490	2.25
chrA	37490	37500	-0.5
chrA	37500	37510	1.0
chrA	37510	37520	1.0000001
chrA	37520	37530	0.9999999
chrA	37530	37540	2.0
chrA	37540	37550	2.25
chrA	37550	37560	-0.5
chrA	37560	37570	1.0
chrA	37570	37580	1.0000001
chrA	37580	37590	0.9999999
chrA	37590	37600	2.0
chrA	37600	37610	2.25
chrA	37610	37620	-0.5
chrA	37620	37630	1.0
chrA	37630	37640	1.0000001
chrA	37640	37650	0.9999999
chrA	37650	37660	2.0
chrA	37660	37670	2.25
chrA	37670	37680	-0.5
chrA	37680	37690	1.0
chrA	37690	37700	1.0000001
chrA	37700	37710	0.9999999
chrA	37710	37720	2.0
chrA	37720	37730	2.25
chrA	37730	37740	-0.5
chrA	37740	37750	1.0
chrA	37750	37760	1.0000001
chrA	37760	37770	0.9999999
chrA	37770	37780	2.0
chrA	37780	37790	2.25
chrA	37790	37800	-0.5
chrA	37800	37810	1.0
chrA	37810	37820	1.0000001
chrA	37820	37830	0.9999999
chrA	37830	37840	2.0
chrA	37840	37850	2.25
chrA	37850	37860	-0.5
chrA	37860	37870	1.0
chrA	37870	37880	1.0000001
chrA	37880	37890	0.9999999
chrA	37890	37900	2.0
chrA	37900	37910	2.25
chrA	37910	37920	-0.5
chrA	37920	37930	1.0
chrA	37930	37940	1.0000001
chrA	37940	37950	0.9999999
chrA	37950	37960	2.0
chrA	37960	37970	2.25
chrA	37970	37980	-0.5
chrA	37980	37990	1.0
chrA	37990	38000	1.0000001
chrA	38000	38010	0.9999999
chrA	38010	38020	2.0
chrA	38020	38030	2.25
chrA	38030	38040	-0.5
chrA	38040	38050	1.0
chrA	38050	38060	1.0000001
chrA	38060	38070	0.9999999
chrA	38070	38080	2.0
chrA	38080	38090	2.25
chrA	38090	38100	-0.5
chrA	38100	38110	1.0
chrA	38110	38120	1.0000001
chrA	38120	38130	0.9999999
chrA	38130	38140	2.0
chrA	38140	38150	2.25
chrA	38150	38160	-0.5
chrA	38160	38170	1.0
chrA	38170	38180	1.0000001
chrA	38180	38190	0.9999999
chrA	38190	38200	2.0
chrA	38200	38210	2.25
chrA	38210	38220	-0.5
chrA	38220	38230	1.0
chrA	38230	38240	1.0000001
chrA	38240	38250	0.9999999
chrA	38250	38260	2.0
chrA	38260	38270	2.25
chrA	38270	38280	-0.5
chrA	38280	38290	1.0
chrA	38290	38300	1.0000001
chrA	38300	38310	0.9999999
chrA	38310	38320	2.0
chrA	38320	38330	2.25
chrA	38330	38340	-0.5
chrA	38340	38350	1.0
chrA	38350	38360	1.0000001
chrA	38360	38370	0.9999999
chrA	38370	38380	2.0
chrA	38380	38390	2.25
chrA	38390	38400	-0.5
chrA	38400	38410	1.0
chrA	38410	38420	1.0000001
chrA	38420	38430	0.9999999
chrA	38430	38440	2.0
chrA	38440	38450	2.25
chrA	38450	38460	-0.5
chrA	38460	38470	1.0
chrA	38470	38480	1.0000001
chrA	38480	38490	0.9999999
chrA	38490	38500	2.0
chrA	38500	38510	2.25
chrA	38510	38520	-0.5
chrA	38520	38530	1.0
chrA	38530	38540	1.0000001
chrA	38540	38550	0.9999999
chrA	38550	38560	2.0
chrA	38560	38570	2.25
chrA	38570	38580	-0.5
chrA	38580	38590	1.0
chrA	38590	38600	1.0000001
chrA	38600	38610	0.9999999
chrA	38610	38620	2.0
chrA	38620	38630	2.25
chrA	38630	38640	-0.5
chrA	38640	38650	1.0
chrA	38650	38660	1.0000001
chrA	38660	38670	0.9999999
chrA	38670	38680	2.0
chrA	38680	38690	2.25
chrA	38690	38700	-0.5
chrA	38700	38710	1.0
chrA	38710	38720	1.0000001
chrA	38720	38730	0.9999999
chrA	38730	38740	2.0
chrA	38740	38750	2.25
chrA	38750	38760	-0.5
chrA	38760	38770	1.0
chrA	38770	38780	1.0000001
chrA	38780	38790	0.9999999
chrA	38790	38800	2.0
chrA	38800	38810	2.25
chrA	38810	38820	-0.5
chrA	38820	38830	1.0
chrA	38830	38840	1.0000001
chrA	38840	38850	0.9999999
chrA	38850	38860	2.0
chrA	38860	38870	2.25
chrA	38870	38880	-0.5
chrA	38880	38890	1.0
chrA	38890	38900	1.0000001
chrA	38900	38910	0.9999999
chrA	38910	38920	2.0
chrA	38920	38930	2.25
chrA	38930	38940	-0.5
chrA	38940	38950	1.0
chrA	38950	38960	1.0000001
chrA	38960	38970	0.9999999
chrA	38970	38980	2.0
chrA	38980	38990	2.25
chrA	38990	39000	-0.5
chrA	39000	39010	1.0
chrA	39010	39020	1.0000001
chrA	39020	39030	0.9999999
chrA	39030	39040	2.0
chrA	39040	39050	2.25
chrA	39050	39060	-0.5
chrA	39060	39070	1.0
chrA	39070	39080	1.0000001
chrA	39080	39090	0.9999999
chrA	39090	39100	2.0
chrA	39100	39110	2.25
chrA	39110	39120	-0.5
chrA	39120	39130	1.0
chrA	39130	39140	1.0000001
chrA	39140	39150	0.9999999
chrA	39150	39160	2.0
chrA	39160	39170	2.25
chrA	39170	39180	-0.5
chrA	39180	39190	1.0
chrA	39190	39200	1.0000001
chrA	39200	39210	0.9999999
chrA	39210	39220	2.0
chrA	39220	39230	2.25
chrA	39230	39240	-0.5
chrA	39240	39250	1.0
chrA	39250	39260	1.0000001
chrA	39260	39270	0.9999999
chrA	39270	39280	2.0
chrA	39280	39290	2.25
chrA	39290	39300	-0.5
chrA	39300	39310	1.0
chrA	39310	39320	1.0000001
chrA	39320	39330	0.9999999
chrA	39330	39340	2.0
chrA	39340	39350	2.25
chrA	39350	39360	-0.5
chrA	39360	39370	1.0
chrA	39370	39380	1.0000001
chrA	39380	39390	0.9999999
chrA	39390	39400	2.0
chrA	39400	39410	2.25
chrA	39410	39420	-0.5
chrA	39420	39430	1.0
chrA	39430	39440	1.0000001
chrA	39440	39450	0.9999999
chrA	39450	39460	2.0
chrA	39460	39470	2.25
chrA	39470	39480	-0.5
chrA	39480	39490	1.0
chrA	39490	39500	1.0000001
chrA	39500	39510	0.9999999
chrA	39510	39520	2.0
chrA	39520	39530	2.25
chrA	39530	39540	-0.5
chrA	39540	39550	1.0
chrA	39550	39560	1.0000001
chrA	39560	39570	0.9999999
chrA	39570	39580	2.0
chrA	39580	39590	2.25
chrA	39590	39600	-0.5
chrA	39600	39610	1.0
chrA	39610	39620	1.0000001
chrA	39620	39630	0.9999999
chrA	39630	39640	2.0
chrA	39640	39650	2.25
chrA	39650	39660	-0.5
chrA	39660	39670	1.0
chrA	39670	39680	1.0000001
chrA	39680	39690	0.9999999
chrA	39690	39700	2.0
chrA	39700	39710	2.25
chrA	39710	39720	-0.5
chrA	39720	39730	1.0
chrA	39730	39740	1.0000001
chrA	39740	39750	0.9999999
chrA	39750	39760	2.0
chrA	39760	39770	2.25
chrA	39770	39780	-0.5
chrA	39780	39790	1.0
chrA	39790	39800	1.0000001
chrA	39800	39810	0.9999999
chrA	39810	39820	2.0
chrA	39820	39830	2.25
chrA	39830	39840	-0.5
chrA	39840	39850	1.0
chrA	39850	39860	1.0000001
chrA	39860	39870	0.9999999
chrA	39870	39880	2.0
chrA	39880	39890	2.25
chrA	39890	39900	-0.5
chrA	39900	39910	1.0
chrA	39910	39920	1.0000001
chrA	39920	39930	0.9999999
chrA	39930	39940	2.0
chrA	39940	39950	2.25
chrA	39950	39960	-0.5
chrA	39960	39970	1.0
chrA	39970	39980	1.0000001
chrA	39980	39990	0.9999999
chrA	39990	40000	2.0
chrA	40000	40010	2.25
chrA	40010	40020	-0.5
chrA	40020	40030	1.0
chrA	40030	40040	1.0000001
chrA	40040	40050	0.9999999
chrA	40050	40060	2.0
chrA	40060	40070	2.25
chrA	40070	40080	-0.5
chrA	40080	40090	1.0
chrA	40090	40100	1.0000001
chrA	40100	40110	0.9999999
chrA	40110	40120	2.0
chrA	40120	40130	2.25
chrA	40130	40140	-0.5
chrA	40140	40150	1.0
chrA	40150	40160	1.0000001
chrA	40160	40170	0.9999999
chrA	40170	40180	2.0
chrA	40180	40190	2.25
chrA	40190	40200	-0.5
chrA	40200	40210	1.0
chrA	40210	40220	1.0000001
chrA	40220	40230	0.9999999
chrA	40230	40240	2.0
chrA	40240	40250	2.25
chrA	40250	40260	-0.5
chrA	40260	40270	1.0
chrA	40270	40280	1.0000001
chrA	40280	40290	0.9999999
chrA	40290	40300	2.0
chrA	40300	40310	2.25
chrA	40310	40320	-0.5
chrA	40320	40330	1.0
chrA	40330	40340	1.0000001
chrA	40340	40350	0.9999999
chrA	40350	40360	2.0
chrA	40360	40370	2.25
chrA	40370	40380	-0.5
chrA	40380	40390	1.0
chrA	40390	40400	1.0000001
chrA	40400	40410	0.9999999
chrA	40410	40420	2.0
chrA	40420	40430	2.25
chrA	40430	40440	-0.5
chrA	40440	40450	1.0
chrA	40450	40460	1.0000001
chrA	40460	40470	0.9999999
chrA	40470	40480	2.0
chrA	40480	40490	2.25
chrA	40490	40500	-0.5
chrA	40500	40510	1.0
chrA	40510	40520	1.0000001
chrA	40520	40530	0.9999999
chrA	40530	40540	2.0
chrA	40540	40550	2.25
chrA	40550	40560	-0.5
chrA	40560	40570	1.0
chrA	40570	40580	1.0000001
chrA	40580	40590	0.9999999
chrA	40590	40600	2.0
chrA	40600	40610	2.25
chrA	40610	40620	-0.5
chrA	40620	40630	1.0
chrA	40630	40640	1.0000001
chrA	40640	40650	0.9999999
chrA	40650	40660	2.0
chrA	40660	40670	2.25
chrA	40670	40680	-0.5
chrA	40680	40690	1.0
chrA	40690	40700	1.0000001
chrA	40700	40710	0.9999999
chrA	40710	40720	2.0
chrA	40720	40730	2.25
chrA	40730	40740	-0.5
chrA	40740	40750	1.0
chrA	40750	40760	1.0000001
chrA	40760	40770	0.9999999
chrA	40770	40780	2.0
chrA	40780	40790	2.25
chrA	40790	40800	-0.5
chrA	40800	40810	1.0
chrA	40810	40820	1.0000001
chrA	40820	40830	0.9999999
chrA	40830	40840	2.0
chrA	40840	40850	2.25
chrA	40850	40860	-0.5
chrA	40860	40870	1.0
chrA	40870	40880	1.0000001
chrA	40880	40890	0.9999999
chrA	40890	40900	2.0
chrA	40900	40910	2.25
chrA	40910	40920	-0.5
chrA	40920	40930	1.0
chrA	40930	40940	1.0000001
chrA	40940	40950	0.9999999
chrA	40950	40960	2.0
chrA	40960	40970	2.25
chrA	40970	40980	-0.5
chrA	40980	40990	1.0
chrA	40990	41000	1.0000001
chrA	41000	41010	0.9999999
chrA	41010	41020	2.0
chrA	41020	41030	2.25
chrA	41030	41040	-0.5
chrA	41040	41050	1.0
chrA	41050	41060	1.0000001
chrA	41060	41070	0.9999999
chrA	41070	41080	2.0
chrA	41080	41090	2.25
chrA	41090	41100	-0.5
chrA	41100	41110	1.0
chrA	41110	41120	1.0000001
chrA	41120	41130	0.9999999
chrA	41130	41140	2.0
chrA	41140	41150	2.25
chrA	41150	41160	-0.5
chrA	41160	41170	1.0
chrA	41170	41180	1.0000001
chrA	41180	41190	0.9999999
chrA	41190	41200	2.0
chrA	41200	41210	2.25
chrA	41210	41220	-0.5
chrA	41220	41230	1.0
chrA	41230	41240	1.0000001
chrA	41240	41250	0.9999999
chrA	41250	41260	2.0
chrA	41260	41270	2.25
chrA	41270	41280	-0.5
chrA	41280	41290	1.0
chrA	41290	41300	1.0000001
chrA	41300	41310	0.9999999
chrA	41310	41320	2.0
chrA	41320	41330	2.25
chrA	41330	41340	-0.5
chrA	41340	41350	1.0
chrA	41350	41360	1.0000001
chrA	41360	41370	0.9999999
chrA	41370	41380	2.0
chrA	41380	41390	2.25
chrA	41390	41400	-0.5
chrA	41400	41410	1.0
chrA	41410	41420	1.0000001
chrA	41420	41430	0.9999999
chrA	41430	41440	2.0
chrA	41440	41450	2.25
chrA	41450	41460	-0.5
chrA	41460	41470	1.0
chrA	41470	41480	1.0000001
chrA	41480	41490	0.9999999
chrA	41490	41500	2.0
chrA	41500	41510	2.25
chrA	41510	41520	-0.5
chrA	41520	41530	1.0
chrA	41530	41540	1.0000001
chrA	41540	41550	0.9999999
chrA	41550	41560	2.0
chrA	41560	41570	2.25
chrA	41570	41580	-0.5
chrA	41580	41590	1.0
chrA	41590	41600	1.0000001
chrA	41600	41610	0.9999999
chrA	41610	41620	2.0
chrA	41620	41630	2.25
chrA	41630	41640	-0.5
chrA	41640	41650	1.0
chrA	41650	41660	1.0000001
chrA	41660	41670	0.9999999
chrA	41670	41680	2.0
chrA	41680	41690	2.25
chrA	41690	41700	-0.5
chrA	41700	41710	1.0
chrA	41710	41720	1.0000001
chrA	41720	41730	0.9999999
chrA	41730	41740	2.0
chrA	41740	41750	2.25
chrA	41750	41760	-0.5
chrA	41760	41770	1.0
chrA	41770	41780	1.0000001
chrA	41780	41790	0.9999999
chrA	41790	41800	2.0
chrA	41800	41810	2.25
chrA	41810	41820	-0.5
chrA	41820	41830	1.0
chrA	41830	41840	1.0000001
chrA	41840	41850	0.9999999
chrA	41850	41860	2.0
chrA	41860	41870	2.25
chrA	41870	41880	-0.5
chrA	41880	41890	1.0
chrA	41890	41900	1.0000001
chrA	41900	41910	0.9999999
chrA	41910	41920	2.0
chrA	41920	41930	2.25
chrA	41930	41940	-0.5
chrA	41940	41950	1.0
chrA	41950	41960	1.0000001
chrA	41960	41970	0.9999999
chrA	41970	41980	2.0
chrA	41980	41990	2.25
chrA	41990	42000	-0.5
chrA	42000	42010	1.0
chrA	42010	42020	1.0000001
chrA	42020	42030	0.9999999
chrA	42030	42040	2.0
chrA	42040	42050	2.25
chrA	42050	42060	-0.5
chrA	42060	42070	1.0
chrA	42070	42080	1.0000001
chrA	42080	42090	0.9999999
chrA	42090	42100	2.0
chrA	42100	42110	2.25
chrA	42110	42120	-0.5
chrA	42120	42130	1.0
chrA	42130	42140	1.0000001
chrA	42140	42150	0.9999999
chrA	42150	42160	2.0
chrA	42160	42170	2.25
chrA	42170	42180	-0.5
chrA	42180	42190	1.0
chrA	42190	42200	1.0000001
chrA	42200	42210	0.9999999
chrA	42210	42220	2.0
chrA	42220	42230	2.25
chrA	42230	42240	-0.5
chrA	42240	42250	1.0
chrA	42250	42260	1.0000001
chrA	42260	42270	0.9999999
chrA	42270	42280	2.0
chrA	42280	42290	2.25
chrA	42290	42300	-0.5
chrA	42300	42310	1.0
chrA	42310	42320	1.0000001
chrA	42320	42330	0.9999999
chrA	42330	42340	2.0
chrA	42340	42350	2.25
chrA	42350	42360	-0.5
chrA	42360	42370	1.0
chrA	42370	42380	1.0000001
chrA	42380	42390	0.9999999
chrA	42390	42400	2.0
chrA	42400	42410	2.25
chrA	42410	42420	-0.5
chrA	42420	42430	1.0
chrA	42430	42440	1.0000001
chrA	42440	42450	0.9999999
chrA	42450	42460	2.0
chrA	42460	42470	2.25
chrA	42470	42480	-0.5
chrA	42480	42490	1.0
chrA	42490	42500	1.0000001
chrA	42500	42510	0.9999999
chrA	42510	42520	2.0
chrA	42520	42530	2.25
chrA	42530	42540	-0.5
chrA	42540	42550	1.0
chrA	42550	42560	1.0000001
chrA	42560	42570	0.9999999
chrA	42570	42580	2.0
chrA	42580	42590	2.25
chrA	42590	42600	-0.5
chrA	42600	42610	1.0
chrA	42610	42620	1.0000001
chrA	42620	42630	0.9999999
chrA	42630	42640	2.0
chrA	42640	42650	2.25
chrA	42650	42660	-0.5
chrA	42660	42670	1.0
chrA	42670	42680	1.0000001
chrA	42680	42690	0.9999999
chrA	42690	42700	2.0
chrA	42700	42710	2.25
chrA	42710	42720	-0.5
chrA	42720	42730	1.0
chrA	42730	42740	1.0000001
chrA	42740	42750	0.9999999
chrA	42750	42760	2.0
chrA	42760	42770	2.25
chrA	42770	42780	-0.5
chrA	42780	42790	1.0
chrA	42790	42800	1.0000001
chrA	42800	42810	0.9999999
chrA	42810	42820	2.0
chrA	42820	42830	2.25
chrA	42830	42840	-0.5
chrA	42840	42850	1.0
chrA	42850	42860	1.0000001
chrA	42860	42870	0.9999999
chrA	42870	42880	2.0
chrA	42880	42890	2.25
chrA	42890	42900	-0.5
chrA	42900	42910	1.0
chrA	42910	42920	1.0000001
chrA	42920	42930	0.9999999
chrA	42930	42940	2.0
chrA	42940	42950	2.25
chrA	42950	42960	-0.5
chrA	42960	42970	1.0
chrA	42970	42980	1.0000001
chrA	42980	42990	0.9999999
chrA	42990	43000	2.0
chrA	43000	43010	2.25
chrA	43010	43020	-0.5
chrA	43020	43030	1.0
chrA	43030	43040	1.0000001
chrA	43040	43050	0.9999999
chrA	43050	43060	2.0
chrA	43060	43070	2.25
chrA	43070	43080	-0.5
chrA	43080	43090	1.0
chrA	43090	43100	1.0000001
chrA	43100	43110	0.9999999
chrA	43110	43120	2.0
chrA	43120	43130	2.25
chrA	43130	43140	-0.5
chrA	43140	43150	1.0
chrA	43150	43160	1.0000001
chrA	43160	43170	0.9999999
chrA	43170	43180	2.0
chrA	43180	43190	2.25
chrA	43190	43200	-0.5
chrA	43200	43210	1.0
chrA	43210	43220	1.0000001
chrA	43220	43230	0.9999999
chrA	43230	43240	2.0
chrA	43240	43250	2.25
chrA	43250	43260	-0.5
chrA	43260	43270	1.0
chrA	43270	43280	1.0000001
chrA	43280	43290	0.9999999
chrA	43290	43300	2.0
chrA	43300	43310	2.25
chrA	43310	43320	-0.5
chrA	43320	43330	1.0
chrA	43330	43340	1.0000001
chrA	43340	43350	0.9999999
chrA	43350	43360	2.0
chrA	43360	43370	2.25
chrA	43370	43380	-0.5
chrA	43380	43390	1.0
chrA	43390	43400	1.0000001
chrA	43400	43410	0.9999999
chrA	43410	43420	2.0
chrA	43420	43430	2.25
chrA	43430	43440	-0.5
chrA	43440	43450	1.0
chrA	43450	43460	1.0000001
chrA	43460	43470	0.9999999
chrA	43470	43480	2.0
chrA	43480	43490	2.25
chrA	43490	43500	-0.5
chrA	43500	43510	1.0
chrA	43510	43520	1.0000001
chrA	43520	43530	0.9999999
chrA	43530	43540	2.0
chrA	43540	43550	2.25
chrA	43550	43560	-0.5
chrA	43560	43570	1.0
chrA	43570	43580	1.0000001
chrA	43580	43590	0.9999999
chrA	43590	43600	2.0
chrA	43600	43610	2.25
chrA	43610	43620	-0.5
chrA	43620	43630	1.0
chrA	43630	43640	1.0000001
chrA	43640	43650	0.9999999
chrA	43650	43660	2.0
chrA	43660	43670	2.25
chrA	43670	43680	-0.5
chrA	43680	43690	1.0
chrA	43690	43700	1.0000001
chrA	43700	43710	0.9999999
chrA	43710	43720	2.0
chrA	43720	43730	2.25
chrA	43730	43740	-0.5
chrA	43740	43750	1.0
chrA	43750	43760	1.0000001
chrA	43760	43770	0.9999999
chrA	43770	43780	2.0
chrA	43780	43790	2.25
chrA	43790	43800	-0.5
chrA	43800	43810	1.0
chrA	43810	43820	1.0000001
chrA	43820	43830	0.9999999
chrA	43830	43840	2.0
chrA	43840	43850	2.25
chrA	43850	43860	-0.5
chrA	43860	43870	1.0
chrA	43870	43880	1.0000001
chrA	43880	43890	0.9999999
chrA	43890	43900	2.0
chrA	43900	43910	2.25
chrA	43910	43920	-0.5
chrA	43920	43930	1.0
chrA	43930	43940	1.0000001
chrA	43940	43950	0.9999999
chrA	43950	43960	2.0
chrA	43960	43970	2.25
chrA	43970	43980	-0.5
chrA	43980	43990	1.0
chrA	43990	44000	1.0000001
chrA	44000	44010	0.9999999
chrA	44010	44020	2.0
chrA	44020	44030	2.25
chrA	44030	44040	-0.5
chrA	44040	44050	1.0
chrA	44050	44060	1.0000001
chrA	44060	44070	0.9999999
chrA	44070	44080	2.0
chrA	44080	44090	2.25
chrA	44090	44100	-0.5
chrA	44100	44110	1.0
chrA	44110	44120	1.0000001
chrA	44120	44130	0.9999999
chrA	44130	44140	2.0
chrA	44140	44150	2.25
chrA	44150	44160	-0.5
chrA	44160	44170	1.0
chrA	44170	44180	1.0000001
chrA	44180	44190	0.9999999
chrA	44190	44200	2.0
chrA	44200	44210	2.25
chrA	44210	44220	-0.5
chrA	44220	44230	1.0
chrA	44230	44240	1.0000001
chrA	44240	44250	0.9999999
chrA	44250	44260	2.0
chrA	44260	44270	2.25
chrA	44270	44280	-0.5
chrA	44280	44290	1.0
chrA	44290	44300	1.0000001
chrA	44300	44310	0.9999999
chrA	44310	44320	2.0
chrA	44320	44330	2.25
chrA	44330	44340	-0.5
chrA	44340	44350	1.0
chrA	44350	44360	1.0000001
chrA	44360	44370	0.9999999
chrA	44370	44380	2.0
chrA	44380	44390	2.25
chrA	44390	44400	-0.5
chrA	44400	44410	1.0
chrA	44410	44420	1.0000001
chrA	44420	44430	0.9999999
chrA	44430	44440	2.0
chrA	44440	44450	2.25
chrA	44450	44460	-0.5
chrA	44460	44470	1.0
chrA	44470	44480	1.0000001
chrA	44480	44490	0.9999999
chrA	44490	44500	2.0
chrA	44500	44510	2.25
chrA	44510	44520	-0.5
chrA	44520	44530	1.0
chrA	44530	44540	1.0000001
chrA	44540	44550	0.9999999
chrA	44550	44560	2.0
chrA	44560	44570	2.25
chrA	44570	44580	-0.5
chrA	44580	44590	1.0
chrA	44590	44600	1.0000001
chrA	44600	44610	0.9999999
chrA	44610	44620	2.0
chrA	44620	44630	2.25
chrA	44630	44640	-0.5
chrA	44640	44650	1.0
chrA	44650	44660	1.0000001
chrA	44660	44670	0.9999999
chrA	44670	44680	2.0
chrA	44680	44690	2.25
chrA	44690	44700	-0.5
chrA	44700	44710	1.0
chrA	44710	44720	1.0000001
chrA	44720	44730	0.9999999
chrA	44730	44740	2.0
chrA	44740	44750	2.25
chrA	44750	44760	-0.5
chrA	44760	44770	1.0
chrA	44770	44780	1.0000001
chrA	44780	44790	0.9999999
chrA	44790	44800	2.0
chrA	44800	44810	2.25
chrA	44810	44820	-0.5
chrA	44820	44830	1.0
chrA	44830	44840	1.0000001
chrA	44840	44850	0.9999999
chrA	44850	44860	2.0
chrA	44860	44870	2.25
chrA	44870	44880	-0.5
chrA	44880	44890	1.0
chrA	44890	44900	1.0000001
chrA	44900	44910	0.9999999
chrA	44910	44920	2.0
chrA	44920	44930	2.25
chrA	44930	44940	-0.5
chrA	44940	44950	1.0
chrA	44950	44960	1.0000001
chrA	44960	44970	0.9999999
chrA	44970	44980	2.0
chrA	44980	44990	2.25
chrA	44990	45000	-0.5
chrA	45000	45010	1.0
chrA	45010	45020	1.0000001
chrA	45020	45030	0.9999999
chrA	45030	45040	2.0
chrA	45040	45050	2.25
chrA	45050	45060	-0.5
chrA	45060	45070	1.0
chrA	45070	45080	1.0000001
chrA	45080	45090	0.9999999
chrA	45090	45100	2.0
chrA	45100	45110	2.25
chrA	45110	45120	-0.5
chrA	45120	45130	1.0
chrA	45130	45140	1.0000001
chrA	45140	45150	0.9999999
chrA	45150	45160	2.0
chrA	45160	45170	2.25
chrA	45170	45180	-0.5
chrA	45180	45190	1.0
chrA	45190	45200	1.0000001
chrA	45200	45210	0.9999999
chrA	45210	45220	2.0
chrA	45220	45230	2.25
chrA	45230	45240	-0.5
chrA	45240	45250	1.0
chrA	45250	45260	1.0000001
chrA	45260	45270	0.9999999
chrA	45270	45280	2.0
chrA	45280	45290	2.25
chrA	45290	45300	-0.5
chrA	45300	45310	1.0
chrA	45310	45320	1.0000001
chrA	45320	45330	0.9999999
chrA	45330	45340	2.0
chrA	45340	45350	2.25
chrA	45350	45360	-0.5
chrA	45360	45370	1.0
chrA	45370	45380	1.0000001
chrA	45380	45390	0.9999999
chrA	45390	45400	2.0
chrA	45400	45410	2.25
chrA	45410	45420	-0.5
chrA	45420	45430	1.0
chrA	45430	45440	1.0000001
chrA	45440	45450	0.9999999
chrA	45450	45460	2.0
chrA	45460	45470	2.25
chrA	45470	45480	-0.5
chrA	45480	45490	1.0
chrA	45490	45500	1.0000001
chrA	45500	45510	0.9999999
chrA	45510	45520	2.0
chrA	45520	45530	2.25
chrA	45530	45540	-0.5
chrA	45540	45550	1.0
chrA	45550	45560	1.0000001
chrA	45560	45570	0.9999999
chrA	45570	45580	2.0
chrA	45580	45590	2.25
chrA	45590	45600	-0.5
chrA	45600	45610	1.0
chrA	45610	45620	1.0000001
chrA	45620	45630	0.9999999
chrA	45630	45640	2.0
chrA	45640	45650	2.25
chrA	45650	45660	-0.5
chrA	45660	45670	1.0
chrA	45670	45680	1.0000001
chrA	45680	45690	0.9999999
chrA	45690	45700	2.0
chrA	45700	45710	2.25
chrA	45710	45720	-0.5
chrA	45720	45730	1.0
chrA	45730	45740	1.0000001
chrA	45740	45750	0.9999999
chrA	45750	45760	2.0
chrA	45760	45770	2.25
chrA	45770	45780	-0.5
chrA	45780	45790	1.0
chrA	45790	45800	1.0000001
chrA	45800	45810	0.9999999
chrA	45810	45820	2.0
chrA	45820	45830	2.25
chrA	45830	45840	-0.5
chrA	45840	45850	1.0
chrA	45850	45860	1.0000001
chrA	45860	45870	0.9999999
chrA	45870	45880	2.0
chrA	45880	45890	2.25
chrA	45890	45900	-0.5
chrA	45900	45910	1.0
chrA	45910	45920	1.0000001
chrA	45920	45930	0.9999999
chrA	45930	45940	2.0
chrA	45940	45950	2.25
chrA	45950	45960	-0.5
chrA	45960	45970	1.0
chrA	45970	45980	1.0000001
chrA	45980	45990	0.9999999
chrA	45990	46000	2.0
chrA	46000	46010	2.25
chrA	46010	46020	-0.5
chrA	46020	46030	1.0
chrA	46030	46040	1.0000001
chrA	46040	46050	0.9999999
chrA	46050	46060	2.0
chrA	46060	46070	2.25
chrA	46070	46080	-0.5
chrA	46080	46090	1.0
chrA	46090	46100	1.0000001
chrA	46100	46110	0.9999999
chrA	46110	46120	2.0
chrA	46120	46130	2.25
chrA	46130	46140	-0.5
chrA	46140	46150	1.0
chrA	46150	46160	1.0000001
chrA	46160	46170	0.9999999
chrA	46170	46180	2.0
chrA	46180	46190	2.25
chrA	46190	46200	-0.5
chrA	46200	46210	1.0
chrA	46210	46220	1.0000001
chrA	46220	46230	0.9999999
chrA	46230	46240	2.0
chrA	46240	46250	2.25
chrA	46250	46260	-0.5
chrA	46260	46270	1.0
chrA	46270	46280	1.0000001
chrA	46280	46290	0.9999999
chrA	46290	46300	2.0
chrA	46300	46310	2.25
chrA	46310	46320	-0.5
chrA	46320	46330	1.0
chrA	46330	46340	1.0000001
chrA	46340	46350	0.9999999
chrA	46350	46360	2.0
chrA	46360	46370	2.25
chrA	46370	46380	-0.5
chrA	46380	46390	1.0
chrA	46390	46400	1.0000001
chrA	46400	46410	0.9999999
chrA	46410	46420	2.0
chrA	46420	46430	2.25
chrA	46430	46440	-0.5
chrA	46440	46450	1.0
chrA	46450	46460	1.0000001
chrA	46460	46470	0.9999999
chrA	46470	46480	2.0
chrA	46480	46490	2.25
chrA	46490	46500	-0.5
chrA	46500	46510	1.0
chrA	46510	46520	1.0000001
chrA	46520	46530	0.9999999
chrA	46530	46540	2.0
chrA	46540	46550	2.25
chrA	46550	46560	-0.5
chrA	46560	46570	1.0
chrA	46570	46580	1.0000001
chrA	46580	46590	0.9999999
chrA	46590	46600	2.0
chrA	46600	46610	2.25
chrA	46610	46620	-0.5
chrA	46620	46630	1.0
chrA	46630	46640	1.0000001
chrA	46640	46650	0.9999999
chrA	46650	46660	2.0
chrA	46660	46670	2.25
chrA	46670	46680	-0.5
chrA	46680	46690	1.0
chrA	46690	46700	1.0000001
chrA	46700	46710	0.9999999
chrA	46710	46720	2.0
chrA	46720	46730	2.25
chrA	46730	46740	-0.5
chrA	46740	46750	1.0
chrA	46750	46760	1.0000001
chrA	46760	46770	0.9999999
chrA	46770	46780	2.0
chrA	46780	46790	2.25
chrA	46790	46800	-0.5
chrA	46800	46810	1.0
chrA	46810	46820	1.0000001
chrA	46820	46830	0.9999999
chrA	46830	46840	2.0
chrA	46840	46850	2.25
chrA	46850	46860	-0.5
chrA	46860	46870	1.0
chrA	46870	46880	1.0000001
chrA	46880	46890	0.9999999
chrA	46890	46900	2.0
chrA	46900	46910	2.25
chrA	46910	46920	-0.5
chrA	46920	46930	1.0
chrA	46930	46940	1.0000001
chrA	46940	46950	0.9999999
chrA	46950	46960	2.0
chrA	46960	46970	2.25
chrA	46970	46980	-0.5
chrA	46980	46990	1.0
chrA	46990	47000	1.0000001
chrA	47000	47010	0.9999999
chrA	47010	47020	2.0
chrA	47020	47030	2.25
chrA	47030	47040	-0.5
chrA	47040	47050	1.0
chrA	47050	47060	1.0000001
chrA	47060	47070	0.9999999
chrA	47070	47080	2.0
chrA	47080	47090	2.25
chrA	47090	47100	-0.5
chrA	47100	47110	1.0
chrA	47110	47120	1.0000001
chrA	47120	47130	0.9999999
chrA	47130	47140	2.0
chrA	47140	47150	2.25
chrA	47150	47160	-0.5
chrA	47160	47170	1.0
chrA	47170	47180	1.0000001
chrA	47180	47190	0.9999999
chrA	47190	47200	2.0
chrA	47200	47210	2.25
chrA	47210	47220	-0.5
chrA	47220	47230	1.0
chrA	47230	47240	1.0000001
chrA	47240	47250	0.9999999
chrA	47250	47260	2.0
chrA	47260	47270	2.25
chrA	47270	47280	-0.5
chrA	47280	47290	1.0
chrA	47290	47300	1.0000001
chrA	47300	47310	0.9999999
chrA	47310	47320	2.0
chrA	47320	47330	2.25
chrA	47330	47340	-0.5
chrA	47340	47350	1.0
chrA	47350	47360	1.0000001
chrA	47360	47370	0.9999999
chrA	47370	47380	2.0
chrA	47380	47390	2.25
chrA	47390	47400	-0.5
chrA	47400	47410	1.0
chrA	47410	47420	1.0000001
chrA	47420	47430	0.9999999
chrA	47430	47440	2.0
chrA	47440	47450	2.25
chrA	47450	47460	-0.5
chrA	47460	47470	1.0
chrA	47470	47480	1.0000001
chrA	47480	47490	0.9999999
chrA	47490	47500	2.0
chrA	47500	47510	2.25
chrA	47510	47520	-0.5
chrA	47520	47530	1.0
chrA	47530	47540	1.0000001
chrA	47540	47550	0.9999999
chrA	47550	47560	2.0
chrA	47560	47570	2.25
chrA	47570	47580	-0.5
chrA	47580	47590	1.0
chrA	47590	47600	1.0000001
chrA	47600	47610	0.9999999
chrA	47610	47620	2.0
chrA	47620	47630	2.25
chrA	47630	47640	-0.5
chrA	47640	47650	1.0
chrA	47650	47660	1.0000001
chrA	47660	47670	0.9999999
chrA	47670	47680	2.0
chrA	47680	47690	2.25
chrA	47690	47700	-0.5
chrA	47700	47710	1.0
chrA	47710	47720	1.0000001
chrA	47720	47730	0.9999999
chrA	47730	47740	2.0
chrA	47740	47750	2.25
chrA	47750	47760	-0.5
chrA	47760	47770	1.0
chrA	47770	47780	1.0000001
chrA	47780	47790	0.9999999
chrA	47790	47800	2.0
chrA	47800	47810	2.25
chrA	47810	47820	-0.5
chrA	47820	47830	1.0
chrA	47830	47840	1.0000001
chrA	47840	47850	0.9999999
chrA	47850	47860	2.0
chrA	47860	47870	2.25
chrA	47870	47880	-0.5
chrA	47880	47890	1.0
chrA	47890	47900	1.0000001
chrA	47900	47910	0.9999999
chrA	47910	47920	2.0
chrA	47920	47930	2.25
chrA	47930	47940	-0.5
chrA	47940	47950	1.0
chrA	47950	47960	1.0000001
chrA	47960	47970	0.9999999
chrA	47970	47980	2.0
chrA	47980	47990	2.25
chrA	47990	48000	-0.5
chrA	48000	48010	1.0
chrA	48010	48020	1.0000001
chrA	48020	48030	0.9999999
chrA	48030	48040	2.0
chrA	48040	48050	2.25
chrA	48050	48060	-0.5
chrA	48060	48070	1.0
chrA	48070	48080	1.0000001
chrA	48080	48090	0.9999999
chrA	48090	48100	2.0
chrA	48100	48110	2.25
chrA	48110	48120	-0.5
chrA	48120	48130	1.0
chrA	48130	48140	1.0000001
chrA	48140	48150	0.9999999
chrA	48150	48160	2.0
chrA	48160	48170	2.25
chrA	48170	48180	-0.5
chrA	48180	48190	1.0
chrA	48190	48200	1.0000001
chrA	48200	48210	0.9999999
chrA	48210	48220	2.0
chrA	48220	48230	2.25
chrA	48230	48240	-0.5
chrA	48240	48250	1.0
chrA	48250	48260	1.0000001
chrA	48260	48270	0.9999999
chrA	48270	48280	2.0
chrA	48280	48290	2.25
chrA	48290	48300	-0.5
chrA	48300	48310	1.0
chrA	48310	48320	1.0000001
chrA	48320	48330	0.9999999
chrA	48330	48340	2.0
chrA	48340	48350	2.25
chrA	48350	48360	-0.5
chrA	48360	48370	1.0
chrA	48370	48380	1.0000001
chrA	48380	48390	0.9999999
chrA	48390	48400	2.0
chrA	48400	48410	2.25
chrA	48410	48420	-0.5
chrA	48420	48430	1.0
chrA	48430	48440	1.0000001
chrA	48440	48450	0.9999999
chrA	48450	48460	2.0
chrA	48460	48470	2.25
chrA	48470	48480	-0.5
chrA	48480	48490	1.0
chrA	48490	48500	1.0000001
chrA	48500	48510	0.9999999
chrA	48510	48520	2.0
chrA	48520	48530	2.25
chrA	48530	48540	-0.5
chrA	48540	48550	1.0
chrA	48550	48560	1.0000001
chrA	48560	48570	0.9999999
chrA	48570	48580	2.0
chrA	48580	48590	2.25
chrA	48590	48600	-0.5
chrA	48600	48610	1.0
chrA	48610	48620	1.0000001
chrA	48620	48630	0.9999999
chrA	48630	48640	2.0
chrA	48640	48650	2.25
chrA	48650	48660	-0.5
chrA	48660	48670	1.0
chrA	48670	48680	1.0000001
chrA	48680	48690	0.9999999
chrA	48690	48700	2.0
chrA	48700	48710	2.25
chrA	48710	48720	-0.5
chrA	48720	48730	1.0
chrA	48730	48740	1.0000001
chrA	48740	48750	0.9999999
chrA	48750	48760	2.0
chrA	48760	48770	2.25
chrA	48770	48780	-0.5
chrA	48780	48790	1.0
chrA	48790	48800	1.0000001
chrA	48800	48810	0.9999999
chrA	48810	48820	2.0
chrA	48820	48830	2.25
chrA	48830	48840	-0.5
chrA	48840	48850	1.0
chrA	48850	48860	1.0000001
chrA	48860	48870	0.9999999
chrA	48870	48880	2.0
chrA	48880	48890	2.25
chrA	48890	48900	-0.5
chrA	48900	48910	1.0
chrA	48910	48920	1.0000001
chrA	48920	48930	0.9999999
chrA	48930	48940	2.0
chrA	48940	48950	2.25
chrA	48950	48960	-0.5
chrA	48960	48970	1.0
chrA	48970	48980	1.0000001
chrA	48980	48990	0.9999999
chrA	48990	49000	2.0
chrA	49000	49010	2.25
chrA	49010	49020	-0.5
chrA	49020	49030	1.0
chrA	49030	49040	1.0000001
chrA	49040	49050	0.9999999
chrA	49050	49060	2.0
chrA	49060	49070	2.25
chrA	49070	49080	-0.5
chrA	49080	49090	1.0
chrA	49090	49100	1.0000001
chrA	49100	49110	0.9999999
chrA	49110	49120	2.0
chrA	49120	49130	2.25
chrA	49130	49140	-0.5
chrA	49140	49150	1.0
chrA	49150	49160	1.0000001
chrA	49160	49170	0.9999999
chrA	49170	49180	2.0
chrA	49180	49190	2.25
chrA	49190	49200	-0.5
chrA	49200	49210	1.0
chrA	49210	49220	1.0000001
chrA	49220	49230	0.9999999
chrA	49230	49240	2.0
chrA	49240	49250	2.25
chrA	49250	49260	-0.5
chrA	49260	49270	1.0
chrA	49270	49280	1.0000001
chrA	49280	49290	0.9999999
chrA	49290	49300	2.0
chrA	49300	49310	2.25
chrA	49310	49320	-0.5
chrA	49320	49330	1.0
chrA	49330	49340	1.0000001
chrA	49340	49350	0.9999999
chrA	49350	49360	2.0
chrA	49360	49370	2.25
chrA	49370	49380	-0.5
chrA	49380	49390	1.0
chrA	49390	49400	1.0000001
chrA	49400	49410	0.9999999
chrA	49410	49420	2.0
chrA	49420	49430	2.25
chrA	49430	49440	-0.5
chrA	49440	49450	1.0
chrA	49450	49460	1.0000001
chrA	49460	49470	0.9999999
chrA	49470	49480	2.0
chrA	49480	49490	2.25
chrA	49490	49500	-0.5
chrA	49500	49510	1.0
chrA	49510	49520	1.0000001
chrA	49520	49530	0.9999999
chrA	49530	49540	2.0
chrA	49540	49550	2.25
chrA	49550	49560	-0.5
chrA	49560	49570	1.0
chrA	49570	49580	1.0000001
chrA	49580	49590	0.9999999
chrA	49590	49600	2.0
chrA	49600	49610	2.25
chrA	49610	49620	-0.5
chrA	49620	49630	1.0
chrA	49630	49640	1.0000001
chrA	49640	49650	0.9999999
chrA	49650	49660	2.0
chrA	49660	49670	2.25
chrA	49670	49680	-0.5
chrA	49680	49690	1.0
chrA	49690	49700	1.0000001
chrA	49700	49710	0.9999999
chrA	49710	49720	2.0
chrA	49720	49730	2.25
chrA	49730	49740	-0.5
chrA	49740	49750	1.0
chrA	49750	49760	1.0000001
chrA	49760	49770	0.9999999
chrA	49770	49780	2.0
chrA	49780	49790	2.25
chrA	49790	49800	-0.5
chrA	49800	49810	1.0
chrA	49810	49820	1.0000001
chrA	49820	49830	0.9999999
chrA	49830	49840	2.0
chrA	49840	49850	2.25
chrA	49850	49860	-0.5
chrA	49860	49870	1.0
chrA	49870	49880	1.0000001
chrA	49880	49890	0.9999999
chrA	49890	49900	2.0
chrA	49900	49910	2.25
chrA	49910	49920	-0.5
chrA	49920	49930	1.0
chrA	49930	49940	1.0000001
chrA	49940	49950	0.9999999
chrA	49950	49960	2.0
chrA	49960	49970	2.25
chrA	49970	49980	-0.5
chrA	49980	49990	1.0
chrA	49990	50000	1.0000001
chrB	0	5000	0.5
chrB	5000	10000	1.5
chrB	10000	12345	2.5
