# fixture text source (fixedStep section type); chrom start end value, 0-based half-open
#chrom	chrA	60000
#chrom	chrB	12345
chrA	0	10	0.5
chrA	10	20	1.0
chrA	20	30	1.5
chrA	30	40	2.0
chrA	40	50	2.5
chrA	50	60	nan
chrA	60	70	3.0
chrA	70	80	-1.0
chrA	80	90	0.5
chrA	90	100	1.0
chrA	100	110	1.5
chrA	110	120	2.0
chrA	120	130	2.5
chrA	130	140	nan
chrA	140	150	3.0
chrA	150	160	-1.0
chrA	160	170	0.5
chrA	170	180	1.0
chrA	180	190	1.5
chrA	190	200	2.0
chrA	200	210	2.5
chrA	210	220	nan
chrA	220	230	3.0
chrA	230	240	-1.0
chrA	240	250	0.5
chrA	250	260	1.0
chrA	260	270	1.5
chrA	270	280	2.0
chrA	280	290	2.5
chrA	290	300	nan
chrA	300	310	3.0
chrA	310	320	-1.0
chrA	320	330	0.5
chrA	330	340	1.0
chrA	340	350	1.5
chrA	350	360	2.0
chrA	360	370	2.5
chrA	370	380	nan
chrA	380	390	3.0
chrA	390	400	-1.0
chrA	400	410	0.5
chrA	410	420	1.0
chrA	420	430	1.5
chrA	430	440	2.0
chrA	440	450	2.5
chrA	450	460	nan
chrA	460	470	3.0
chrA	470	480	-1.0
chrA	480	490	0.5
chrA	490	500	1.0
chrA	500	510	1.5
chrA	510	520	2.0
chrA	520	530	2.5
chrA	530	540	nan
chrA	540	550	3.0
chrA	550	560	-1.0
chrA	560	570	0.5
chrA	570	580	1.0
chrA	580	590	1.5
chrA	590	600	2.0
chrA	600	610	2.5
chrA	610	620	nan
chrA	620	630	3.0
chrA	630	640	-1.0
chrA	640	650	0.5
chrA	650	660	1.0
chrA	660	670	1.5
chrA	670	680	2.0
chrA	680	690	2.5
chrA	690	700	nan
chrA	700	710	3.0
chrA	710	720	-1.0
chrA	720	730	0.5
chrA	730	740	1.0
chrA	740	750	1.5
chrA	750	760	2.0
chrA	760	770	2.5
chrA	770	780	nan
chrA	780	790	3.0
chrA	790	800	-1.0
chrA	800	810	0.5
chrA	810	820	1.0
chrA	820	830	1.5
chrA	830	840	2.0
chrA	840	850	2.5
chrA	850	860	nan
chrA	860	870	3.0
chrA	870	880	-1.0
chrA	880	890	0.5
chrA	890	900	1.0
chrA	900	910	1.5
chrA	910	920	2.0
chrA	920	930	2.5
chrA	930	940	nan
chrA	940	950	3.0
chrA	950	960	-1.0
chrA	960	970	0.5
chrA	970	980	1.0
chrA	980	990	1.5
chrA	990	1000	2.0
chrA	1000	1010	2.5
chrA	1010	1020	nan
chrA	1020	1030	3.0
chrA	1030	1040	-1.0
chrA	1040	1050	0.5
chrA	1050	1060	1.0
chrA	1060	1070	1.5
chrA	1070	1080	2.0
chrA	1080	1090	2.5
chrA	1090	1100	nan
chrA	1100	1110	3.0
chrA	1110	1120	-1.0
chrA	1120	1130	0.5
chrA	1130	1140	1.0
chrA	1140	1150	1.5
chrA	1150	1160	2.0
chrA	1160	1170	2.5
chrA	1170	1180	nan
chrA	1180	1190	3.0
chrA	1190	1200	-1.0
chrA	1200	1210	0.5
chrA	1210	1220	1.0
chrA	1220	1230	1.5
chrA	1230	1240	2.0
chrA	1240	1250	2.5
chrA	1250	1260	nan
chrA	1260	1270	3.0
chrA	1270	1280	-1.0
chrA	1280	1290	0.5
chrA	1290	1300	1.0
chrA	1300	1310	1.5
chrA	1310	1320	2.0
chrA	1320	1330	2.5
chrA	1330	1340	nan
chrA	1340	1350	3.0
chrA	1350	1360	-1.0
chrA	1360	1370	0.5
chrA	1370	1380	1.0
chrA	1380	1390	1.5
chrA	1390	1400	2.0
chrA	1400	1410	2.5
chrA	1410	1420	nan
chrA	1420	1430	3.0
chrA	1430	1440	-1.0
chrA	1440	1450	0.5
chrA	1450	1460	1.0
chrA	1460	1470	1.5
chrA	1470	1480	2.0
chrA	1480	1490	2.5
chrA	1490	1500	nan
chrA	1500	1510	3.0
chrA	1510	1520	-1.0
chrA	1520	1530	0.5
chrA	1530	1540	1.0
chrA	1540	1550	1.5
chrA	1550	1560	2.0
chrA	1560	1570	2.5
chrA	1570	1580	nan
chrA	1580	1590	3.0
chrA	1590	1600	-1.0
chrA	1600	1610	0.5
chrA	1610	1620	1.0
chrA	1620	1630	1.5
chrA	1630	1640	2.0
chrA	1640	1650	2.5
chrA	1650	1660	nan
chrA	1660	1670	3.0
chrA	1670	1680	-1.0
chrA	1680	1690	0.5
chrA	1690	1700	1.0
chrA	1700	1710	1.5
chrA	1710	1720	2.0
chrA	1720	1730	2.5
chrA	1730	1740	nan
chrA	1740	1750	3.0
chrA	1750	1760	-1.0
chrA	1760	1770	0.5
chrA	1770	1780	1.0
chrA	1780	1790	1.5
chrA	1790	1800	2.0
chrA	1800	1810	2.5
chrA	1810	1820	nan
chrA	1820	1830	3.0
chrA	1830	1840	-1.0
chrA	1840	1850	0.5
chrA	1850	1860	1.0
chrA	1860	1870	1.5
chrA	1870	1880	2.0
chrA	1880	1890	2.5
chrA	1890	1900	nan
chrA	1900	1910	3.0
chrA	1910	1920	-1.0
chrA	1920	1930	0.5
chrA	1930	1940	1.0
chrA	1940	1950	1.5
chrA	1950	1960	2.0
chrA	1960	1970	2.5
chrA	1970	1980	nan
chrA	1980	1990	3.0
chrA	1990	2000	-1.0
chrA	2000	2010	0.5
chrA	2010	2020	1.0
chrA	2020	2030	1.5
chrA	2030	2040	2.0
chrA	2040	2050	2.5
chrA	2050	2060	nan
chrA	2060	2070	3.0
chrA	2070	2080	-1.0
chrA	2080	2090	0.5
chrA	2090	2100	1.0
chrA	2100	2110	1.5
chrA	2110	2120	2.0
chrA	2120	2130	2.5
chrA	2130	2140	nan
chrA	2140	2150	3.0
chrA	2150	2160	-1.0
chrA	2160	2170	0.5
chrA	2170	2180	1.0
chrA	2180	2190	1.5
chrA	2190	2200	2.0
chrA	2200	2210	2.5
chrA	2210	2220	nan
chrA	2220	2230	3.0
chrA	2230	2240	-1.0
chrA	2240	2250	0.5
chrA	2250	2260	1.0
chrA	2260	2270	1.5
chrA	2270	2280	2.0
chrA	2280	2290	2.5
chrA	2290	2300	nan
chrA	2300	2310	3.0
chrA	2310	2320	-1.0
chrA	2320	2330	0.5
chrA	2330	2340	1.0
chrA	2340	2350	1.5
chrA	2350	2360	2.0
chrA	2360	2370	2.5
chrA	2370	2380	nan
chrA	2380	2390	3.0
chrA	2390	2400	-1.0
chrA	2400	2410	0.5
chrA	2410	2420	1.0
chrA	2420	2430	1.5
chrA	2430	2440	2.0
chrA	2440	2450	2.5
chrA	2450	2460	nan
chrA	2460	2470	3.0
chrA	2470	2480	-1.0
chrA	2480	2490	0.5
chrA	2490	2500	1.0
chrA	2500	2510	1.5
chrA	2510	2520	2.0
chrA	2520	2530	2.5
chrA	2530	2540	nan
chrA	2540	2550	3.0
chrA	2550	2560	-1.0
chrA	2560	2570	0.5
chrA	2570	2580	1.0
chrA	2580	2590	1.5
chrA	2590	2600	2.0
chrA	2600	2610	2.5
chrA	2610	2620	nan
chrA	2620	2630	3.0
chrA	2630	2640	-1.0
chrA	2640	2650	0.5
chrA	2650	2660	1.0
chrA	2660	2670	1.5
chrA	2670	2680	2.0
chrA	2680	2690	2.5
chrA	2690	2700	nan
chrA	2700	2710	3.0
chrA	2710	2720	-1.0
chrA	2720	2730	0.5
chrA	2730	2740	1.0
chrA	2740	2750	1.5
chrA	2750	2760	2.0
chrA	2760	2770	2.5
chrA	2770	2780	nan
chrA	2780	2790	3.0
chrA	2790	2800	-1.0
chrA	2800	2810	0.5
chrA	2810	2820	1.0
chrA	2820	2830	1.5
chrA	2830	2840	2.0
chrA	2840	2850	2.5
chrA	2850	2860	nan
chrA	2860	2870	3.0
chrA	2870	2880	-1.0
chrA	2880	2890	0.5
chrA	2890	2900	1.0
chrA	2900	2910	1.5
chrA	2910	2920	2.0
chrA	2920	2930	2.5
chrA	2930	2940	nan
chrA	2940	2950	3.0
chrA	2950	2960	-1.0
chrA	2960	2970	0.5
chrA	2970	2980	1.0
chrA	2980	2990	1.5
chrA	2990	3000	2.0
chrA	3000	3010	2.5
chrA	3010	3020	nan
chrA	3020	3030	3.0
chrA	3030	3040	-1.0
chrA	3040	3050	0.5
chrA	3050	3060	1.0
chrA	3060	3070	1.5
chrA	3070	3080	2.0
chrA	3080	3090	2.5
chrA	3090	3100	nan
chrA	3100	3110	3.0
chrA	3110	3120	-1.0
chrA	3120	3130	0.5
chrA	3130	3140	1.0
chrA	3140	3150	1.5
chrA	3150	3160	2.0
chrA	3160	3170	2.5
chrA	3170	3180	nan
chrA	3180	3190	3.0
chrA	3190	3200	-1.0
chrA	3200	3210	0.5
chrA	3210	3220	1.0
chrA	3220	3230	1.5
chrA	3230	3240	2.0
chrA	3240	3250	2.5
chrA	3250	3260	nan
chrA	3260	3270	3.0
chrA	3270	3280	-1.0
chrA	3280	3290	0.5
chrA	3290	3300	1.0
chrA	3300	3310	1.5
chrA	3310	3320	2.0
chrA	3320	3330	2.5
chrA	3330	3340	nan
chrA	3340	3350	3.0
chrA	3350	3360	-1.0
chrA	3360	3370	0.5
chrA	3370	3380	1.0
chrA	3380	3390	1.5
chrA	3390	3400	2.0
chrA	3400	3410	2.5
chrA	3410	3420	nan
chrA	3420	3430	3.0
chrA	3430	3440	-1.0
chrA	3440	3450	0.5
chrA	3450	3460	1.0
chrA	3460	3470	1.5
chrA	3470	3480	2.0
chrA	3480	3490	2.5
chrA	3490	3500	nan
chrA	3500	3510	3.0
chrA	3510	3520	-1.0
chrA	3520	3530	0.5
chrA	3530	3540	1.0
chrA	3540	3550	1.5
chrA	3550	3560	2.0
chrA	3560	3570	2.5
chrA	3570	3580	nan
chrA	3580	3590	3.0
chrA	3590	3600	-1.0
chrA	3600	3610	0.5
chrA	3610	3620	1.0
chrA	3620	3630	1.5
chrA	3630	3640	2.0
chrA	3640	3650	2.5
chrA	3650	3660	nan
chrA	3660	3670	3.0
chrA	3670	3680	-1.0
chrA	3680	3690	0.5
chrA	3690	3700	1.0
chrA	3700	3710	1.5
chrA	3710	3720	2.0
chrA	3720	3730	2.5
chrA	3730	3740	nan
chrA	3740	3750	3.0
chrA	3750	3760	-1.0
chrA	3760	3770	0.5
chrA	3770	3780	1.0
chrA	3780	3790	1.5
chrA	3790	3800	2.0
chrA	3800	3810	2.5
chrA	3810	3820	nan
chrA	3820	3830	3.0
chrA	3830	3840	-1.0
chrA	3840	3850	0.5
chrA	3850	3860	1.0
chrA	3860	3870	1.5
chrA	3870	3880	2.0
chrA	3880	3890	2.5
chrA	3890	3900	nan
chrA	3900	3910	3.0
chrA	3910	3920	-1.0
chrA	3920	3930	0.5
chrA	3930	3940	1.0
chrA	3940	3950	1.5
chrA	3950	3960	2.0
chrA	3960	3970	2.5
chrA	3970	3980	nan
chrA	3980	3990	3.0
chrA	3990	4000	-1.0
chrA	4000	4010	0.5
chrA	4010	4020	1.0
chrA	4020	4030	1.5
chrA	4030	4040	2.0
chrA	4040	4050	2.5
chrA	4050	4060	nan
chrA	4060	4070	3.0
chrA	4070	4080	-1.0
chrA	4080	4090	0.5
chrA	4090	4100	1.0
chrA	4100	4110	1.5
chrA	4110	4120	2.0
chrA	4120	4130	2.5
chrA	4130	4140	nan
chrA	4140	4150	3.0
chrA	4150	4160	-1.0
chrA	4160	4170	0.5
chrA	4170	4180	1.0
chrA	4180	4190	1.5
chrA	4190	4200	2.0
chrA	4200	4210	2.5
chrA	4210	4220	nan
chrA	4220	4230	3.0
chrA	4230	4240	-1.0
chrA	4240	4250	0.5
chrA	4250	4260	1.0
chrA	4260	4270	1.5
chrA	4270	4280	2.0
chrA	4280	4290	2.5
chrA	4290	4300	nan
chrA	4300	4310	3.0
chrA	4310	4320	-1.0
chrA	4320	4330	0.5
chrA	4330	4340	1.0
chrA	4340	4350	1.5
chrA	4350	4360	2.0
chrA	4360	4370	2.5
chrA	4370	4380	nan
chrA	4380	4390	3.0
chrA	4390	4400	-1.0
chrA	4400	4410	0.5
chrA	4410	4420	1.0
chrA	4420	4430	1.5
chrA	4430	4440	2.0
chrA	4440	4450	2.5
chrA	4450	4460	nan
chrA	4460	4470	3.0
chrA	4470	4480	-1.0
chrA	4480	4490	0.5
chrA	4490	4500	1.0
chrA	4500	4510	1.5
chrA	4510	4520	2.0
chrA	4520	4530	2.5
chrA	4530	4540	nan
chrA	4540	4550	3.0
chrA	4550	4560	-1.0
chrA	4560	4570	0.5
chrA	4570	4580	1.0
chrA	4580	4590	1.5
chrA	4590	4600	2.0
chrA	4600	4610	2.5
chrA	4610	4620	nan
chrA	4620	4630	3.0
chrA	4630	4640	-1.0
chrA	4640	4650	0.5
chrA	4650	4660	1.0
chrA	4660	4670	1.5
chrA	4670	4680	2.0
chrA	4680	4690	2.5
chrA	4690	4700	nan
chrA	4700	4710	3.0
chrA	4710	4720	-1.0
chrA	4720	4730	0.5
chrA	4730	4740	1.0
chrA	4740	4750	1.5
chrA	4750	4760	2.0
chrA	4760	4770	2.5
chrA	4770	4780	nan
chrA	4780	4790	3.0
chrA	4790	4800	-1.0
chrA	4800	4810	0.5
chrA	4810	4820	1.0
chrA	4820	4830	1.5
chrA	4830	4840	2.0
chrA	4840	4850	2.5
chrA	4850	4860	nan
chrA	4860	4870	3.0
chrA	4870	4880	-1.0
chrA	4880	4890	0.5
chrA	4890	4900	1.0
chrA	4900	4910	1.5
chrA	4910	4920	2.0
chrA	4920	4930	2.5
chrA	4930	4940	nan
chrA	4940	4950	3.0
chrA	4950	4960	-1.0
chrA	4960	4970	0.5
chrA	4970	4980	1.0
chrA	4980	4990	1.5
chrA	4990	5000	2.0
chrA	5000	5010	2.5
chrA	5010	5020	nan
chrA	5020	5030	3.0
chrA	5030	5040	-1.0
chrA	5040	5050	0.5
chrA	5050	5060	1.0
chrA	5060	5070	1.5
chrA	5070	5080	2.0
chrA	5080	5090	2.5
chrA	5090	5100	nan
chrA	5100	5110	3.0
chrA	5110	5120	-1.0
chrA	5120	5130	0.5
chrA	5130	5140	1.0
chrA	5140	5150	1.5
chrA	5150	5160	2.0
chrA	5160	5170	2.5
chrA	5170	5180	nan
chrA	5180	5190	3.0
chrA	5190	5200	-1.0
chrA	5200	5210	0.5
chrA	5210	5220	1.0
chrA	5220	5230	1.5
chrA	5230	5240	2.0
chrA	5240	5250	2.5
chrA	5250	5260	nan
chrA	5260	5270	3.0
chrA	5270	5280	-1.0
chrA	5280	5290	0.5
chrA	5290	5300	1.0
chrA	5300	5310	1.5
chrA	5310	5320	2.0
chrA	5320	5330	2.5
chrA	5330	5340	nan
chrA	5340	5350	3.0
chrA	5350	5360	-1.0
chrA	5360	5370	0.5
chrA	5370	5380	1.0
chrA	5380	5390	1.5
chrA	5390	5400	2.0
chrA	5400	5410	2.5
chrA	5410	5420	nan
chrA	5420	5430	3.0
chrA	5430	5440	-1.0
chrA	5440	5450	0.5
chrA	5450	5460	1.0
chrA	5460	5470	1.5
chrA	5470	5480	2.0
chrA	5480	5490	2.5
chrA	5490	5500	nan
chrA	5500	5510	3.0
chrA	5510	5520	-1.0
chrA	5520	5530	0.5
chrA	5530	5540	1.0
chrA	5540	5550	1.5
chrA	5550	5560	2.0
chrA	5560	5570	2.5
chrA	5570	5580	nan
chrA	5580	5590	3.0
chrA	5590	5600	-1.0
chrA	5600	5610	0.5
chrA	5610	5620	1.0
chrA	5620	5630	1.5
chrA	5630	5640	2.0
chrA	5640	5650	2.5
chrA	5650	5660	nan
chrA	5660	5670	3.0
chrA	5670	5680	-1.0
chrA	5680	5690	0.5
chrA	5690	5700	1.0
chrA	5700	5710	1.5
chrA	5710	5720	2.0
chrA	5720	5730	2.5
chrA	5730	5740	nan
chrA	5740	5750	3.0
chrA	5750	5760	-1.0
chrA	5760	5770	0.5
chrA	5770	5780	1.0
chrA	5780	5790	1.5
chrA	5790	5800	2.0
chrA	5800	5810	2.5
chrA	5810	5820	nan
chrA	5820	5830	3.0
chrA	5830	5840	-1.0
chrA	5840	5850	0.5
chrA	5850	5860	1.0
chrA	5860	5870	1.5
chrA	5870	5880	2.0
chrA	5880	5890	2.5
chrA	5890	5900	nan
chrA	5900	5910	3.0
chrA	5910	5920	-1.0
chrA	5920	5930	0.5
chrA	5930	5940	1.0
chrA	5940	5950	1.5
chrA	5950	5960	2.0
chrA	5960	5970	2.5
chrA	5970	5980	nan
chrA	5980	5990	3.0
chrA	5990	6000	-1.0
chrA	6000	6010	0.5
chrA	6010	6020	1.0
chrA	6020	6030	1.5
chrA	6030	6040	2.0
chrA	6040	6050	2.5
chrA	6050	6060	nan
chrA	6060	6070	3.0
chrA	6070	6080	-1.0
chrA	6080	6090	0.5
chrA	6090	6100	1.0
chrA	6100	6110	1.5
chrA	6110	6120	2.0
chrA	6120	6130	2.5
chrA	6130	6140	nan
chrA	6140	6150	3.0
chrA	6150	6160	-1.0
chrA	6160	6170	0.5
chrA	6170	6180	1.0
chrA	6180	6190	1.5
chrA	6190	6200	2.0
chrA	6200	6210	2.5
chrA	6210	6220	nan
chrA	6220	6230	3.0
chrA	6230	6240	-1.0
chrA	6240	6250	0.5
chrA	6250	6260	1.0
chrA	6260	6270	1.5
chrA	6270	6280	2.0
chrA	6280	6290	2.5
chrA	6290	6300	nan
chrA	6300	6310	3.0
chrA	6310	6320	-1.0
chrA	6320	6330	0.5
chrA	6330	6340	1.0
chrA	6340	6350	1.5
chrA	6350	6360	2.0
chrA	6360	6370	2.5
chrA	6370	6380	nan
chrA	6380	6390	3.0
chrA	6390	6400	-1.0
chrA	6400	6410	0.5
chrA	6410	6420	1.0
chrA	6420	6430	1.5
chrA	6430	6440	2.0
chrA	6440	6450	2.5
chrA	6450	6460	nan
chrA	6460	6470	3.0
chrA	6470	6480	-1.0
chrA	6480	6490	0.5
chrA	6490	6500	1.0
chrA	6500	6510	1.5
chrA	6510	6520	2.0
chrA	6520	6530	2.5
chrA	6530	6540	nan
chrA	6540	6550	3.0
chrA	6550	6560	-1.0
chrA	6560	6570	0.5
chrA	6570	6580	1.0
chrA	6580	6590	1.5
chrA	6590	6600	2.0
chrA	6600	6610	2.5
chrA	6610	6620	nan
chrA	6620	6630	3.0
chrA	6630	6640	-1.0
chrA	6640	6650	0.5
chrA	6650	6660	1.0
chrA	6660	6670	1.5
chrA	6670	6680	2.0
chrA	6680	6690	2.5
chrA	6690	6700	nan
chrA	6700	6710	3.0
chrA	6710	6720	-1.0
chrA	6720	6730	0.5
chrA	6730	6740	1.0
chrA	6740	6750	1.5
chrA	6750	6760	2.0
chrA	6760	6770	2.5
chrA	6770	6780	nan
chrA	6780	6790	3.0
chrA	6790	6800	-1.0
chrA	6800	6810	0.5
chrA	6810	6820	1.0
chrA	6820	6830	1.5
chrA	6830	6840	2.0
chrA	6840	6850	2.5
chrA	6850	6860	nan
chrA	6860	6870	3.0
chrA	6870	6880	-1.0
chrA	6880	6890	0.5
chrA	6890	6900	1.0
chrA	6900	6910	1.5
chrA	6910	6920	2.0
chrA	6920	6930	2.5
chrA	6930	6940	nan
chrA	6940	6950	3.0
chrA	6950	6960	-1.0
chrA	6960	6970	0.5
chrA	6970	6980	1.0
chrA	6980	6990	1.5
chrA	6990	7000	2.0
chrA	7000	7010	2.5
chrA	7010	7020	nan
chrA	7020	7030	3.0
chrA	7030	7040	-1.0
chrA	7040	7050	0.5
chrA	7050	7060	1.0
chrA	7060	7070	1.5
chrA	7070	7080	2.0
chrA	7080	7090	2.5
chrA	7090	7100	nan
chrA	7100	7110	3.0
chrA	7110	7120	-1.0
chrA	7120	7130	0.5
chrA	7130	7140	1.0
chrA	7140	7150	1.5
chrA	7150	7160	2.0
chrA	7160	7170	2.5
chrA	7170	7180	nan
chrA	7180	7190	3.0
chrA	7190	7200	-1.0
chrA	7200	7210	0.5
chrA	7210	7220	1.0
chrA	7220	7230	1.5
chrA	7230	7240	2.0
chrA	7240	7250	2.5
chrA	7250	7260	nan
chrA	7260	7270	3.0
chrA	7270	7280	-1.0
chrA	7280	7290	0.5
chrA	7290	7300	1.0
chrA	7300	7310	1.5
chrA	7310	7320	2.0
chrA	7320	7330	2.5
chrA	7330	7340	nan
chrA	7340	7350	3.0
chrA	7350	7360	-1.0
chrA	7360	7370	0.5
chrA	7370	7380	1.0
chrA	7380	7390	1.5
chrA	7390	7400	2.0
chrA	7400	7410	2.5
chrA	7410	7420	nan
chrA	7420	7430	3.0
chrA	7430	7440	-1.0
chrA	7440	7450	0.5
chrA	7450	7460	1.0
chrA	7460	7470	1.5
chrA	7470	7480	2.0
chrA	7480	7490	2.5
chrA	7490	7500	nan
chrA	7500	7510	3.0
chrA	7510	7520	-1.0
chrA	7520	7530	0.5
chrA	7530	7540	1.0
chrA	7540	7550	1.5
chrA	7550	7560	2.0
chrA	7560	7570	2.5
chrA	7570	7580	nan
chrA	7580	7590	3.0
chrA	7590	7600	-1.0
chrA	7600	7610	0.5
chrA	7610	7620	1.0
chrA	7620	7630	1.5
chrA	7630	7640	2.0
chrA	7640	7650	2.5
chrA	7650	7660	nan
chrA	7660	7670	3.0
chrA	7670	7680	-1.0
chrA	7680	7690	0.5
chrA	7690	7700	1.0
chrA	7700	7710	1.5
chrA	7710	7720	2.0
chrA	7720	7730	2.5
chrA	7730	7740	nan
chrA	7740	7750	3.0
chrA	7750	7760	-1.0
chrA	7760	7770	0.5
chrA	7770	7780	1.0
chrA	7780	7790	1.5
chrA	7790	7800	2.0
chrA	7800	7810	2.5
chrA	7810	7820	nan
chrA	7820	7830	3.0
chrA	7830	7840	-1.0
chrA	7840	7850	0.5
chrA	7850	7860	1.0
chrA	7860	7870	1.5
chrA	7870	7880	2.0
chrA	7880	7890	2.5
chrA	7890	7900	nan
chrA	7900	7910	3.0
chrA	7910	7920	-1.0
chrA	7920	7930	0.5
chrA	7930	7940	1.0
chrA	7940	7950	1.5
chrA	7950	7960	2.0
chrA	7960	7970	2.5
chrA	7970	7980	nan
chrA	7980	7990	3.0
chrA	7990	8000	-1.0
chrA	8000	8010	0.5
chrA	8010	8020	1.0
chrA	8020	8030	1.5
chrA	8030	8040	2.0
chrA	8040	8050	2.5
chrA	8050	8060	nan
chrA	8060	8070	3.0
chrA	8070	8080	-1.0
chrA	8080	8090	0.5
chrA	8090	8100	1.0
chrA	8100	8110	1.5
chrA	8110	8120	2.0
chrA	8120	8130	2.5
chrA	8130	8140	nan
chrA	8140	8150	3.0
chrA	8150	8160	-1.0
chrA	8160	8170	0.5
chrA	8170	8180	1.0
chrA	8180	8190	1.5
chrA	8190	8200	2.0
chrA	8200	8210	2.5
chrA	8210	8220	nan
chrA	8220	8230	3.0
chrA	8230	8240	-1.0
chrA	8240	8250	0.5
chrA	8250	8260	1.0
chrA	8260	8270	1.5
chrA	8270	8280	2.0
chrA	8280	8290	2.5
chrA	8290	8300	nan
chrA	8300	8310	3.0
chrA	8310	8320	-1.0
chrA	8320	8330	0.5
chrA	8330	8340	1.0
chrA	8340	8350	1.5
chrA	8350	8360	2.0
chrA	8360	8370	2.5
chrA	8370	8380	nan
chrA	8380	8390	3.0
chrA	8390	8400	-1.0
chrA	8400	8410	0.5
chrA	8410	8420	1.0
chrA	8420	8430	1.5
chrA	8430	8440	2.0
chrA	8440	8450	2.5
chrA	8450	8460	nan
chrA	8460	8470	3.0
chrA	8470	8480	-1.0
chrA	8480	8490	0.5
chrA	8490	8500	1.0
chrA	8500	8510	1.5
chrA	8510	8520	2.0
chrA	8520	8530	2.5
chrA	8530	8540	nan
chrA	8540	8550	3.0
chrA	8550	8560	-1.0
chrA	8560	8570	0.5
chrA	8570	8580	1.0
chrA	8580	8590	1.5
chrA	8590	8600	2.0
chrA	8600	8610	2.5
chrA	8610	8620	nan
chrA	8620	8630	3.0
chrA	8630	8640	-1.0
chrA	8640	8650	0.5
chrA	8650	8660	1.0
chrA	8660	8670	1.5
chrA	8670	8680	2.0
chrA	8680	8690	2.5
chrA	8690	8700	nan
chrA	8700	8710	3.0
chrA	8710	8720	-1.0
chrA	8720	8730	0.5
chrA	8730	8740	1.0
chrA	8740	8750	1.5
chrA	8750	8760	2.0
chrA	8760	8770	2.5
chrA	8770	8780	nan
chrA	8780	8790	3.0
chrA	8790	8800	-1.0
chrA	8800	8810	0.5
chrA	8810	8820	1.0
chrA	8820	8830	1.5
chrA	8830	8840	2.0
chrA	8840	8850	2.5
chrA	8850	8860	nan
chrA	8860	8870	3.0
chrA	8870	8880	-1.0
chrA	8880	8890	0.5
chrA	8890	8900	1.0
chrA	8900	8910	1.5
chrA	8910	8920	2.0
chrA	8920	8930	2.5
chrA	8930	8940	nan
chrA	8940	8950	3.0
chrA	8950	8960	-1.0
chrA	8960	8970	0.5
chrA	8970	8980	1.0
chrA	8980	8990	1.5
chrA	8990	9000	2.0
chrA	9000	9010	2.5
chrA	9010	9020	nan
chrA	9020	9030	3.0
chrA	9030	9040	-1.0
chrA	9040	9050	0.5
chrA	9050	9060	1.0
chrA	9060	9070	1.5
chrA	9070	9080	2.0
chrA	9080	9090	2.5
chrA	9090	9100	nan
chrA	9100	9110	3.0
chrA	9110	9120	-1.0
chrA	9120	9130	0.5
chrA	9130	9140	1.0
chrA	9140	9150	1.5
chrA	9150	9160	2.0
chrA	9160	9170	2.5
chrA	9170	9180	nan
chrA	9180	9190	3.0
chrA	9190	9200	-1.0
chrA	9200	9210	0.5
chrA	9210	9220	1.0
chrA	9220	9230	1.5
chrA	9230	9240	2.0
chrA	9240	9250	2.5
chrA	9250	9260	nan
chrA	9260	9270	3.0
chrA	9270	9280	-1.0
chrA	9280	9290	0.5
chrA	9290	9300	1.0
chrA	9300	9310	1.5
chrA	9310	9320	2.0
chrA	9320	9330	2.5
chrA	9330	9340	nan
chrA	9340	9350	3.0
chrA	9350	9360	-1.0
chrA	9360	9370	0.5
chrA	9370	9380	1.0
chrA	9380	9390	1.5
chrA	9390	9400	2.0
chrA	9400	9410	2.5
chrA	9410	9420	nan
chrA	9420	9430	3.0
chrA	9430	9440	-1.0
chrA	9440	9450	0.5
chrA	9450	9460	1.0
chrA	9460	9470	1.5
chrA	9470	9480	2.0
chrA	9480	9490	2.5
chrA	9490	9500	nan
chrA	9500	9510	3.0
chrA	9510	9520	-1.0
chrA	9520	9530	0.5
chrA	9530	9540	1.0
chrA	9540	9550	1.5
chrA	9550	9560	2.0
chrA	9560	9570	2.5
chrA	9570	9580	nan
chrA	9580	9590	3.0
chrA	9590	9600	-1.0
chrA	9600	9610	0.5
chrA	9610	9620	1.0
chrA	9620	9630	1.5
chrA	9630	9640	2.0
chrA	9640	9650	2.5
chrA	9650	9660	nan
chrA	9660	9670	3.0
chrA	9670	9680	-1.0
chrA	9680	9690	0.5
chrA	9690	9700	1.0
chrA	9700	9710	1.5
chrA	9710	9720	2.0
chrA	9720	9730	2.5
chrA	9730	9740	nan
chrA	9740	9750	3.0
chrA	9750	9760	-1.0
chrA	9760	9770	0.5
chrA	9770	9780	1.0
chrA	9780	9790	1.5
chrA	9790	9800	2.0
chrA	9800	9810	2.5
chrA	9810	9820	nan
chrA	9820	9830	3.0
chrA	9830	9840	-1.0
chrA	9840	9850	0.5
chrA	9850	9860	1.0
chrA	9860	9870	1.5
chrA	9870	9880	2.0
chrA	9880	9890	2.5
chrA	9890	9900	nan
chrA	9900	9910	3.0
chrA	9910	9920	-1.0
chrA	9920	9930	0.5
chrA	9930	9940	1.0
chrA	9940	9950	1.5
chrA	9950	9960	2.0
chrA	9960	9970	2.5
chrA	9970	9980	nan
chrA	9980	9990	3.0
chrA	9990	10000	-1.0
chrA	10000	10010	0.5
chrA	10010	10020	1.0
chrA	10020	10030	1.5
chrA	10030	10040	2.0
chrA	10040	10050	2.5
chrA	10050	10060	nan
chrA	10060	10070	3.0
chrA	10070	10080	-1.0
chrA	10080	10090	0.5
chrA	10090	10100	1.0
chrA	10100	10110	1.5
chrA	10110	10120	2.0
chrA	10120	10130	2.5
chrA	10130	10140	nan
chrA	10140	10150	3.0
chrA	10150	10160	-1.0
chrA	10160	10170	0.5
chrA	10170	10180	1.0
chrA	10180	10190	1.5
chrA	10190	10200	2.0
chrA	10200	10210	2.5
chrA	10210	10220	nan
chrA	10220	10230	3.0
chrA	10230	10240	-1.0
chrA	10240	10250	0.5
chrA	10250	10260	1.0
chrA	10260	10270	1.5
chrA	10270	10280	2.0
chrA	10280	10290	2.5
chrA	10290	10300	nan
chrA	10300	10310	3.0
chrA	10310	10320	-1.0
chrA	10320	10330	0.5
chrA	10330	10340	1.0
chrA	10340	10350	1.5
chrA	10350	10360	2.0
chrA	10360	10370	2.5
chrA	10370	10380	nan
chrA	10380	10390	3.0
chrA	10390	10400	-1.0
chrA	10400	10410	0.5
chrA	10410	10420	1.0
chrA	10420	10430	1.5
chrA	10430	10440	2.0
chrA	10440	10450	2.5
chrA	10450	10460	nan
chrA	10460	10470	3.0
chrA	10470	10480	-1.0
chrA	10480	10490	0.5
chrA	10490	10500	1.0
chrA	10500	10510	1.5
chrA	10510	10520	2.0
chrA	10520	10530	2.5
chrA	10530	10540	nan
chrA	10540	10550	3.0
chrA	10550	10560	-1.0
chrA	10560	10570	0.5
chrA	10570	10580	1.0
chrA	10580	10590	1.5
chrA	10590	10600	2.0
chrA	10600	10610	2.5
chrA	10610	10620	nan
chrA	10620	10630	3.0
chrA	10630	10640	-1.0
chrA	10640	10650	0.5
chrA	10650	10660	1.0
chrA	10660	10670	1.5
chrA	10670	10680	2.0
chrA	10680	10690	2.5
chrA	10690	10700	nan
chrA	10700	10710	3.0
chrA	10710	10720	-1.0
chrA	10720	10730	0.5
chrA	10730	10740	1.0
chrA	10740	10750	1.5
chrA	10750	10760	2.0
chrA	10760	10770	2.5
chrA	10770	10780	nan
chrA	10780	10790	3.0
chrA	10790	10800	-1.0
chrA	10800	10810	0.5
chrA	10810	10820	1.0
chrA	10820	10830	1.5
chrA	10830	10840	2.0
chrA	10840	10850	2.5
chrA	10850	10860	nan
chrA	10860	10870	3.0
chrA	10870	10880	-1.0
chrA	10880	10890	0.5
chrA	10890	10900	1.0
chrA	10900	10910	1.5
chrA	10910	10920	2.0
chrA	10920	10930	2.5
chrA	10930	10940	nan
chrA	10940	10950	3.0
chrA	10950	10960	-1.0
chrA	10960	10970	0.5
chrA	10970	10980	1.0
chrA	10980	10990	1.5
chrA	10990	11000	2.0
chrA	11000	11010	2.5
chrA	11010	11020	nan
chrA	11020	11030	3.0
chrA	11030	11040	-1.0
chrA	11040	11050	0.5
chrA	11050	11060	1.0
chrA	11060	11070	1.5
chrA	11070	11080	2.0
chrA	11080	11090	2.5
chrA	11090	11100	nan
chrA	11100	11110	3.0
chrA	11110	11120	-1.0
chrA	11120	11130	0.5
chrA	11130	11140	1.0
chrA	11140	11150	1.5
chrA	11150	11160	2.0
chrA	11160	11170	2.5
chrA	11170	11180	nan
chrA	11180	11190	3.0
chrA	11190	11200	-1.0
chrA	11200	11210	0.5
chrA	11210	11220	1.0
chrA	11220	11230	1.5
chrA	11230	11240	2.0
chrA	11240	11250	2.5
chrA	11250	11260	nan
chrA	11260	11270	3.0
chrA	11270	11280	-1.0
chrA	11280	11290	0.5
chrA	11290	11300	1.0
chrA	11300	11310	1.5
chrA	11310	11320	2.0
chrA	11320	11330	2.5
chrA	11330	11340	nan
chrA	11340	11350	3.0
chrA	11350	11360	-1.0
chrA	11360	11370	0.5
chrA	11370	11380	1.0
chrA	11380	11390	1.5
chrA	11390	11400	2.0
chrA	11400	11410	2.5
chrA	11410	11420	nan
chrA	11420	11430	3.0
chrA	11430	11440	-1.0
chrA	11440	11450	0.5
chrA	11450	11460	1.0
chrA	11460	11470	1.5
chrA	11470	11480	2.0
chrA	11480	11490	2.5
chrA	11490	11500	nan
chrA	11500	11510	3.0
chrA	11510	11520	-1.0
chrA	11520	11530	0.5
chrA	11530	11540	1.0
chrA	11540	11550	1.5
chrA	11550	11560	2.0
chrA	11560	11570	2.5
chrA	11570	11580	nan
chrA	11580	11590	3.0
chrA	11590	11600	-1.0
chrA	11600	11610	0.5
chrA	11610	11620	1.0
chrA	11620	11630	1.5
chrA	11630	11640	2.0
chrA	11640	11650	2.5
chrA	11650	11660	nan
chrA	11660	11670	3.0
chrA	11670	11680	-1.0
chrA	11680	11690	0.5
chrA	11690	11700	1.0
chrA	11700	11710	1.5
chrA	11710	11720	2.0
chrA	11720	11730	2.5
chrA	11730	11740	nan
chrA	11740	11750	3.0
chrA	11750	11760	-1.0
chrA	11760	11770	0.5
chrA	11770	11780	1.0
chrA	11780	11790	1.5
chrA	11790	11800	2.0
chrA	11800	11810	2.5
chrA	11810	11820	nan
chrA	11820	11830	3.0
chrA	11830	11840	-1.0
chrA	11840	11850	0.5
chrA	11850	11860	1.0
chrA	11860	11870	1.5
chrA	11870	11880	2.0
chrA	11880	11890	2.5
chrA	11890	11900	nan
chrA	11900	11910	3.0
chrA	11910	11920	-1.0
chrA	11920	11930	0.5
chrA	11930	11940	1.0
chrA	11940	11950	1.5
chrA	11950	11960	2.0
chrA	11960	11970	2.5
chrA	11970	11980	nan
chrA	11980	11990	3.0
chrA	11990	12000	-1.0
chrB	12000	12005	0.25
chrB	12005	12010	1.75
chrB	12010	12015	0.25
chrB	12015	12020	1.75
chrB	12020	12025	0.25
chrB	12025	12030	1.75
chrB	12030	12035	0.25
chrB	12035	12040	1.75
chrB	12040	12045	0.25
chrB	12045	12050	1.75
chrB	12050	12055	0.25
chrB	12055	12060	1.75
chrB	12060	12065	0.25
chrB	12065	12070	1.75
chrB	12070	12075	0.25
chrB	12075	12080	1.75
chrB	12080	12085	0.25
chrB	12085	12090	1.75
chrB	12090	12095	0.25
chrB	12095	12100	1.75
chrB	12100	12105	0.25
chrB	12105	12110	1.75
chrB	12110	12115	0.25
chrB	12115	12120	1.75
chrB	12120	12125	0.25
chrB	12125	12130	1.75
chrB	12130	12135	0.25
chrB	12135	12140	1.75
chrB	12140	12145	0.25
chrB	12145	12150	1.75
chrB	12150	12155	0.25
chrB	12155	12160	1.75
chrB	12160	12165	0.25
chrB	12165	12170	1.75
chrB	12170	12175	0.25
chrB	12175	12180	1.75
chrB	12180	12185	0.25
chrB	12185	12190	1.75
chrB	12190	12195	0.25
chrB	12195	12200	1.75
chrB	12200	12205	0.25
chrB	12205	12210	1.75
chrB	12210	12215	0.25
chrB	12215	12220	1.75
chrB	12220	12225	0.25
chrB	12225	12230	1.75
chrB	12230	12235	0.25
chrB	12235	12240	1.75
chrB	12240	12245	0.25
chrB	12245	12250	1.75
