stage	process	image	image_source	digest	digest_source
atacseq_bulk.01_nfcore-atacseq-wrapper	NFCORE_ATACSEQ:ATACSEQ:CUSTOM_DUMPSOFTWAREVERSIONS	quay.io/biocontainers/multiqc:1.14--pyhdfd78af_0	recorded at run: manifest field containers[185].image	not recorded	recorded at run: manifest field containers[185].digest (absent)
atacseq_bulk.01_nfcore-atacseq-wrapper	NFCORE_ATACSEQ:ATACSEQ:FASTQ_ALIGN_BWA:BAM_SORT_STATS_SAMTOOLS:BAM_STATS_SAMTOOLS:SAMTOOLS_FLAGSTAT	quay.io/biocontainers/samtools:1.17--h00cdaf9_0	recorded at run: manifest field containers[32].image	not recorded	recorded at run: manifest field containers[32].digest (absent)
atacseq_bulk.01_nfcore-atacseq-wrapper	NFCORE_ATACSEQ:ATACSEQ:FASTQ_ALIGN_BWA:BAM_SORT_STATS_SAMTOOLS:BAM_STATS_SAMTOOLS:SAMTOOLS_IDXSTATS	quay.io/biocontainers/samtools:1.17--h00cdaf9_0	recorded at run: manifest field containers[31].image	not recorded	recorded at run: manifest field containers[31].digest (absent)
atacseq_bulk.01_nfcore-atacseq-wrapper	NFCORE_ATACSEQ:ATACSEQ:FASTQ_ALIGN_BWA:BAM_SORT_STATS_SAMTOOLS:BAM_STATS_SAMTOOLS:SAMTOOLS_STATS	quay.io/biocontainers/samtools:1.17--h00cdaf9_0	recorded at run: manifest field containers[33].image	not recorded	recorded at run: manifest field containers[33].digest (absent)
atacseq_bulk.01_nfcore-atacseq-wrapper	NFCORE_ATACSEQ:ATACSEQ:FASTQ_ALIGN_BWA:BAM_SORT_STATS_SAMTOOLS:SAMTOOLS_INDEX	quay.io/biocontainers/samtools:1.17--h00cdaf9_0	recorded at run: manifest field containers[23].image	not recorded	recorded at run: manifest field containers[23].digest (absent)
atacseq_bulk.01_nfcore-atacseq-wrapper	NFCORE_ATACSEQ:ATACSEQ:FASTQ_ALIGN_BWA:BAM_SORT_STATS_SAMTOOLS:SAMTOOLS_SORT	quay.io/biocontainers/samtools:1.17--h00cdaf9_0	recorded at run: manifest field containers[19].image	not recorded	recorded at run: manifest field containers[19].digest (absent)
atacseq_bulk.01_nfcore-atacseq-wrapper	NFCORE_ATACSEQ:ATACSEQ:FASTQ_ALIGN_BWA:BWA_MEM	quay.io/biocontainers/mulled-v2-fe8faa35dbf6dc65a0f7f5d4ea12e31a79f73e40:219b6c272b25e7e642ae3ff0bf0c5c81a5135ab4-0	recorded at run: manifest field containers[15].image	not recorded	recorded at run: manifest field containers[15].digest (absent)
atacseq_bulk.01_nfcore-atacseq-wrapper	NFCORE_ATACSEQ:ATACSEQ:FASTQ_FASTQC_UMITOOLS_TRIMGALORE:FASTQC	quay.io/biocontainers/fastqc:0.11.9--0	recorded at run: manifest field containers[6].image	not recorded	recorded at run: manifest field containers[6].digest (absent)
atacseq_bulk.01_nfcore-atacseq-wrapper	NFCORE_ATACSEQ:ATACSEQ:FASTQ_FASTQC_UMITOOLS_TRIMGALORE:TRIMGALORE	quay.io/biocontainers/trim-galore:0.6.7--hdfd78af_0	recorded at run: manifest field containers[7].image	not recorded	recorded at run: manifest field containers[7].digest (absent)
atacseq_bulk.01_nfcore-atacseq-wrapper	NFCORE_ATACSEQ:ATACSEQ:IGV	quay.io/biocontainers/python:3.8.3	recorded at run: manifest field containers[183].image	not recorded	recorded at run: manifest field containers[183].digest (absent)
atacseq_bulk.01_nfcore-atacseq-wrapper	NFCORE_ATACSEQ:ATACSEQ:INPUT_CHECK:SAMPLESHEET_CHECK	quay.io/biocontainers/python:3.8.3	recorded at run: manifest field containers[0].image	not recorded	recorded at run: manifest field containers[0].digest (absent)
atacseq_bulk.01_nfcore-atacseq-wrapper	NFCORE_ATACSEQ:ATACSEQ:MERGED_LIBRARY_ATAQV_ATAQV	quay.io/biocontainers/ataqv:1.3.1--py310ha155cf9_1	recorded at run: manifest field containers[117].image	not recorded	recorded at run: manifest field containers[117].digest (absent)
atacseq_bulk.01_nfcore-atacseq-wrapper	NFCORE_ATACSEQ:ATACSEQ:MERGED_LIBRARY_ATAQV_MKARV	quay.io/biocontainers/ataqv:1.3.1--py310ha155cf9_1	recorded at run: manifest field containers[138].image	not recorded	recorded at run: manifest field containers[138].digest (absent)
atacseq_bulk.01_nfcore-atacseq-wrapper	NFCORE_ATACSEQ:ATACSEQ:MERGED_LIBRARY_BAM_TO_BIGWIG:BEDTOOLS_GENOMECOV	quay.io/biocontainers/bedtools:2.30.0--hc088bd4_0	recorded at run: manifest field containers[125].image	not recorded	recorded at run: manifest field containers[125].digest (absent)
atacseq_bulk.01_nfcore-atacseq-wrapper	NFCORE_ATACSEQ:ATACSEQ:MERGED_LIBRARY_BAM_TO_BIGWIG:UCSC_BEDGRAPHTOBIGWIG	quay.io/biocontainers/ucsc-bedgraphtobigwig:445--h954228d_0	recorded at run: manifest field containers[137].image	not recorded	recorded at run: manifest field containers[137].digest (absent)
atacseq_bulk.01_nfcore-atacseq-wrapper	NFCORE_ATACSEQ:ATACSEQ:MERGED_LIBRARY_BIGWIG_PLOT_DEEPTOOLS:DEEPTOOLS_COMPUTEMATRIX_REFERENCE_POINT	quay.io/biocontainers/deeptools:3.5.1--py_0	recorded at run: manifest field containers[158].image	not recorded	recorded at run: manifest field containers[158].digest (absent)
atacseq_bulk.01_nfcore-atacseq-wrapper	NFCORE_ATACSEQ:ATACSEQ:MERGED_LIBRARY_BIGWIG_PLOT_DEEPTOOLS:DEEPTOOLS_COMPUTEMATRIX_SCALE_REGIONS	quay.io/biocontainers/deeptools:3.5.1--py_0	recorded at run: manifest field containers[159].image	not recorded	recorded at run: manifest field containers[159].digest (absent)
atacseq_bulk.01_nfcore-atacseq-wrapper	NFCORE_ATACSEQ:ATACSEQ:MERGED_LIBRARY_BIGWIG_PLOT_DEEPTOOLS:DEEPTOOLS_PLOTHEATMAP	quay.io/biocontainers/deeptools:3.5.1--py_0	recorded at run: manifest field containers[170].image	not recorded	recorded at run: manifest field containers[170].digest (absent)
atacseq_bulk.01_nfcore-atacseq-wrapper	NFCORE_ATACSEQ:ATACSEQ:MERGED_LIBRARY_BIGWIG_PLOT_DEEPTOOLS:DEEPTOOLS_PLOTPROFILE	quay.io/biocontainers/deeptools:3.5.1--py_0	recorded at run: manifest field containers[176].image	not recorded	recorded at run: manifest field containers[176].digest (absent)
atacseq_bulk.01_nfcore-atacseq-wrapper	NFCORE_ATACSEQ:ATACSEQ:MERGED_LIBRARY_CALL_ANNOTATE_PEAKS:FRIP_SCORE	quay.io/biocontainers/mulled-v2-8186960447c5cb2faa697666dc1e6d919ad23f3e:3127fcae6b6bdaf8181e21a26ae61231030a9fcb-0	recorded at run: manifest field containers[109].image	not recorded	recorded at run: manifest field containers[109].digest (absent)
atacseq_bulk.01_nfcore-atacseq-wrapper	NFCORE_ATACSEQ:ATACSEQ:MERGED_LIBRARY_CALL_ANNOTATE_PEAKS:HOMER_ANNOTATEPEAKS	quay.io/biocontainers/homer:4.11--pl526hc9558a2_3	recorded at run: manifest field containers[112].image	not recorded	recorded at run: manifest field containers[112].digest (absent)
atacseq_bulk.01_nfcore-atacseq-wrapper	NFCORE_ATACSEQ:ATACSEQ:MERGED_LIBRARY_CALL_ANNOTATE_PEAKS:MACS2_CALLPEAK	quay.io/biocontainers/macs2:2.2.7.1--py38h4a8c8d9_3	recorded at run: manifest field containers[90].image	not recorded	recorded at run: manifest field containers[90].digest (absent)
atacseq_bulk.01_nfcore-atacseq-wrapper	NFCORE_ATACSEQ:ATACSEQ:MERGED_LIBRARY_CALL_ANNOTATE_PEAKS:MULTIQC_CUSTOM_PEAKS	quay.io/nf-core/ubuntu:20.04	recorded at run: manifest field containers[135].image	not recorded	recorded at run: manifest field containers[135].digest (absent)
atacseq_bulk.01_nfcore-atacseq-wrapper	NFCORE_ATACSEQ:ATACSEQ:MERGED_LIBRARY_CALL_ANNOTATE_PEAKS:PLOT_HOMER_ANNOTATEPEAKS	quay.io/biocontainers/mulled-v2-ad9dd5f398966bf899ae05f8e7c54d0fb10cdfa7:05678da05b8e5a7a5130e90a9f9a6c585b965afa-0	recorded at run: manifest field containers[141].image	not recorded	recorded at run: manifest field containers[141].digest (absent)
atacseq_bulk.01_nfcore-atacseq-wrapper	NFCORE_ATACSEQ:ATACSEQ:MERGED_LIBRARY_CALL_ANNOTATE_PEAKS:PLOT_MACS2_QC	quay.io/biocontainers/mulled-v2-ad9dd5f398966bf899ae05f8e7c54d0fb10cdfa7:05678da05b8e5a7a5130e90a9f9a6c585b965afa-0	recorded at run: manifest field containers[129].image	not recorded	recorded at run: manifest field containers[129].digest (absent)
atacseq_bulk.01_nfcore-atacseq-wrapper	NFCORE_ATACSEQ:ATACSEQ:MERGED_LIBRARY_CONSENSUS_PEAKS:DESEQ2_QC	quay.io/biocontainers/mulled-v2-8849acf39a43cdd6c839a369a74c0adc823e2f91:ab110436faf952a33575c64dd74615a84011450b-0	recorded at run: manifest field containers[172].image	not recorded	recorded at run: manifest field containers[172].digest (absent)
atacseq_bulk.01_nfcore-atacseq-wrapper	NFCORE_ATACSEQ:ATACSEQ:MERGED_LIBRARY_CONSENSUS_PEAKS:HOMER_ANNOTATEPEAKS	quay.io/biocontainers/homer:4.11--pl526hc9558a2_3	recorded at run: manifest field containers[155].image	not recorded	recorded at run: manifest field containers[155].digest (absent)
atacseq_bulk.01_nfcore-atacseq-wrapper	NFCORE_ATACSEQ:ATACSEQ:MERGED_LIBRARY_CONSENSUS_PEAKS:MACS2_CONSENSUS	quay.io/biocontainers/mulled-v2-2f48cc59b03027e31ead6d383fe1b8057785dd24:5d182f583f4696f4c4d9f3be93052811b383341f-0	recorded at run: manifest field containers[133].image	not recorded	recorded at run: manifest field containers[133].digest (absent)
atacseq_bulk.01_nfcore-atacseq-wrapper	NFCORE_ATACSEQ:ATACSEQ:MERGED_LIBRARY_CONSENSUS_PEAKS:SUBREAD_FEATURECOUNTS	quay.io/biocontainers/subread:2.0.1--hed695b0_0	recorded at run: manifest field containers[153].image	not recorded	recorded at run: manifest field containers[153].digest (absent)
atacseq_bulk.01_nfcore-atacseq-wrapper	NFCORE_ATACSEQ:ATACSEQ:MERGED_LIBRARY_DEEPTOOLS_PLOTFINGERPRINT	quay.io/biocontainers/deeptools:3.5.1--py_0	recorded at run: manifest field containers[93].image	not recorded	recorded at run: manifest field containers[93].digest (absent)
atacseq_bulk.01_nfcore-atacseq-wrapper	NFCORE_ATACSEQ:ATACSEQ:MERGED_LIBRARY_FILTER_BAM:BAMTOOLS_FILTER	quay.io/biocontainers/mulled-v2-0560a8046fc82aa4338588eca29ff18edab2c5aa:5687a7da26983502d0a8a9a6b05ed727c740ddc4-0	recorded at run: manifest field containers[51].image	not recorded	recorded at run: manifest field containers[51].digest (absent)
atacseq_bulk.01_nfcore-atacseq-wrapper	NFCORE_ATACSEQ:ATACSEQ:MERGED_LIBRARY_FILTER_BAM:BAM_REMOVE_ORPHANS	quay.io/biocontainers/mulled-v2-57736af1eb98c01010848572c9fec9fff6ffaafd:402e865b8f6af2f3e58c6fc8d57127ff0144b2c7-0	recorded at run: manifest field containers[71].image	not recorded	recorded at run: manifest field containers[71].digest (absent)
atacseq_bulk.01_nfcore-atacseq-wrapper	NFCORE_ATACSEQ:ATACSEQ:MERGED_LIBRARY_FILTER_BAM:BAM_SORT_STATS_SAMTOOLS:BAM_STATS_SAMTOOLS:SAMTOOLS_FLAGSTAT	quay.io/biocontainers/samtools:1.17--h00cdaf9_0	recorded at run: manifest field containers[97].image	not recorded	recorded at run: manifest field containers[97].digest (absent)
atacseq_bulk.01_nfcore-atacseq-wrapper	NFCORE_ATACSEQ:ATACSEQ:MERGED_LIBRARY_FILTER_BAM:BAM_SORT_STATS_SAMTOOLS:BAM_STATS_SAMTOOLS:SAMTOOLS_IDXSTATS	quay.io/biocontainers/samtools:1.17--h00cdaf9_0	recorded at run: manifest field containers[96].image	not recorded	recorded at run: manifest field containers[96].digest (absent)
atacseq_bulk.01_nfcore-atacseq-wrapper	NFCORE_ATACSEQ:ATACSEQ:MERGED_LIBRARY_FILTER_BAM:BAM_SORT_STATS_SAMTOOLS:BAM_STATS_SAMTOOLS:SAMTOOLS_STATS	quay.io/biocontainers/samtools:1.17--h00cdaf9_0	recorded at run: manifest field containers[95].image	not recorded	recorded at run: manifest field containers[95].digest (absent)
atacseq_bulk.01_nfcore-atacseq-wrapper	NFCORE_ATACSEQ:ATACSEQ:MERGED_LIBRARY_FILTER_BAM:BAM_SORT_STATS_SAMTOOLS:SAMTOOLS_INDEX	quay.io/biocontainers/samtools:1.17--h00cdaf9_0	recorded at run: manifest field containers[79].image	not recorded	recorded at run: manifest field containers[79].digest (absent)
atacseq_bulk.01_nfcore-atacseq-wrapper	NFCORE_ATACSEQ:ATACSEQ:MERGED_LIBRARY_FILTER_BAM:BAM_SORT_STATS_SAMTOOLS:SAMTOOLS_SORT	quay.io/biocontainers/samtools:1.17--h00cdaf9_0	recorded at run: manifest field containers[75].image	not recorded	recorded at run: manifest field containers[75].digest (absent)
atacseq_bulk.01_nfcore-atacseq-wrapper	NFCORE_ATACSEQ:ATACSEQ:MERGED_LIBRARY_FILTER_BAM:SAMTOOLS_SORT	quay.io/biocontainers/samtools:1.17--h00cdaf9_0	recorded at run: manifest field containers[65].image	not recorded	recorded at run: manifest field containers[65].digest (absent)
atacseq_bulk.01_nfcore-atacseq-wrapper	NFCORE_ATACSEQ:ATACSEQ:MERGED_LIBRARY_MARKDUPLICATES_PICARD:BAM_STATS_SAMTOOLS:SAMTOOLS_FLAGSTAT	quay.io/biocontainers/samtools:1.17--h00cdaf9_0	recorded at run: manifest field containers[55].image	not recorded	recorded at run: manifest field containers[55].digest (absent)
atacseq_bulk.01_nfcore-atacseq-wrapper	NFCORE_ATACSEQ:ATACSEQ:MERGED_LIBRARY_MARKDUPLICATES_PICARD:BAM_STATS_SAMTOOLS:SAMTOOLS_IDXSTATS	quay.io/biocontainers/samtools:1.17--h00cdaf9_0	recorded at run: manifest field containers[54].image	not recorded	recorded at run: manifest field containers[54].digest (absent)
atacseq_bulk.01_nfcore-atacseq-wrapper	NFCORE_ATACSEQ:ATACSEQ:MERGED_LIBRARY_MARKDUPLICATES_PICARD:BAM_STATS_SAMTOOLS:SAMTOOLS_STATS	quay.io/biocontainers/samtools:1.17--h00cdaf9_0	recorded at run: manifest field containers[58].image	not recorded	recorded at run: manifest field containers[58].digest (absent)
atacseq_bulk.01_nfcore-atacseq-wrapper	NFCORE_ATACSEQ:ATACSEQ:MERGED_LIBRARY_MARKDUPLICATES_PICARD:PICARD_MARKDUPLICATES	quay.io/biocontainers/picard:3.0.0--hdfd78af_1	recorded at run: manifest field containers[43].image	not recorded	recorded at run: manifest field containers[43].digest (absent)
atacseq_bulk.01_nfcore-atacseq-wrapper	NFCORE_ATACSEQ:ATACSEQ:MERGED_LIBRARY_MARKDUPLICATES_PICARD:SAMTOOLS_INDEX	quay.io/biocontainers/samtools:1.17--h00cdaf9_0	recorded at run: manifest field containers[47].image	not recorded	recorded at run: manifest field containers[47].digest (absent)
atacseq_bulk.01_nfcore-atacseq-wrapper	NFCORE_ATACSEQ:ATACSEQ:MERGED_LIBRARY_PICARD_COLLECTMULTIPLEMETRICS	quay.io/biocontainers/picard:3.0.0--hdfd78af_1	recorded at run: manifest field containers[82].image	not recorded	recorded at run: manifest field containers[82].digest (absent)
atacseq_bulk.01_nfcore-atacseq-wrapper	NFCORE_ATACSEQ:ATACSEQ:MERGED_REPLICATE_BAM_TO_BIGWIG:BEDTOOLS_GENOMECOV	quay.io/biocontainers/bedtools:2.30.0--hc088bd4_0	recorded at run: manifest field containers[161].image	not recorded	recorded at run: manifest field containers[161].digest (absent)
atacseq_bulk.01_nfcore-atacseq-wrapper	NFCORE_ATACSEQ:ATACSEQ:MERGED_REPLICATE_BAM_TO_BIGWIG:UCSC_BEDGRAPHTOBIGWIG	quay.io/biocontainers/ucsc-bedgraphtobigwig:445--h954228d_0	recorded at run: manifest field containers[174].image	not recorded	recorded at run: manifest field containers[174].digest (absent)
atacseq_bulk.01_nfcore-atacseq-wrapper	NFCORE_ATACSEQ:ATACSEQ:MERGED_REPLICATE_CALL_ANNOTATE_PEAKS:FRIP_SCORE	quay.io/biocontainers/mulled-v2-8186960447c5cb2faa697666dc1e6d919ad23f3e:3127fcae6b6bdaf8181e21a26ae61231030a9fcb-0	recorded at run: manifest field containers[127].image	not recorded	recorded at run: manifest field containers[127].digest (absent)
atacseq_bulk.01_nfcore-atacseq-wrapper	NFCORE_ATACSEQ:ATACSEQ:MERGED_REPLICATE_CALL_ANNOTATE_PEAKS:HOMER_ANNOTATEPEAKS	quay.io/biocontainers/homer:4.11--pl526hc9558a2_3	recorded at run: manifest field containers[128].image	not recorded	recorded at run: manifest field containers[128].digest (absent)
atacseq_bulk.01_nfcore-atacseq-wrapper	NFCORE_ATACSEQ:ATACSEQ:MERGED_REPLICATE_CALL_ANNOTATE_PEAKS:MACS2_CALLPEAK	quay.io/biocontainers/macs2:2.2.7.1--py38h4a8c8d9_3	recorded at run: manifest field containers[116].image	not recorded	recorded at run: manifest field containers[116].digest (absent)
atacseq_bulk.01_nfcore-atacseq-wrapper	NFCORE_ATACSEQ:ATACSEQ:MERGED_REPLICATE_CALL_ANNOTATE_PEAKS:MULTIQC_CUSTOM_PEAKS	quay.io/nf-core/ubuntu:20.04	recorded at run: manifest field containers[156].image	not recorded	recorded at run: manifest field containers[156].digest (absent)
atacseq_bulk.01_nfcore-atacseq-wrapper	NFCORE_ATACSEQ:ATACSEQ:MERGED_REPLICATE_CALL_ANNOTATE_PEAKS:PLOT_HOMER_ANNOTATEPEAKS	quay.io/biocontainers/mulled-v2-ad9dd5f398966bf899ae05f8e7c54d0fb10cdfa7:05678da05b8e5a7a5130e90a9f9a6c585b965afa-0	recorded at run: manifest field containers[173].image	not recorded	recorded at run: manifest field containers[173].digest (absent)
atacseq_bulk.01_nfcore-atacseq-wrapper	NFCORE_ATACSEQ:ATACSEQ:MERGED_REPLICATE_CALL_ANNOTATE_PEAKS:PLOT_MACS2_QC	quay.io/biocontainers/mulled-v2-ad9dd5f398966bf899ae05f8e7c54d0fb10cdfa7:05678da05b8e5a7a5130e90a9f9a6c585b965afa-0	recorded at run: manifest field containers[148].image	not recorded	recorded at run: manifest field containers[148].digest (absent)
atacseq_bulk.01_nfcore-atacseq-wrapper	NFCORE_ATACSEQ:ATACSEQ:MERGED_REPLICATE_CONSENSUS_PEAKS:DESEQ2_QC	quay.io/biocontainers/mulled-v2-8849acf39a43cdd6c839a369a74c0adc823e2f91:ab110436faf952a33575c64dd74615a84011450b-0	recorded at run: manifest field containers[184].image	not recorded	recorded at run: manifest field containers[184].digest (absent)
atacseq_bulk.01_nfcore-atacseq-wrapper	NFCORE_ATACSEQ:ATACSEQ:MERGED_REPLICATE_CONSENSUS_PEAKS:HOMER_ANNOTATEPEAKS	quay.io/biocontainers/homer:4.11--pl526hc9558a2_3	recorded at run: manifest field containers[166].image	not recorded	recorded at run: manifest field containers[166].digest (absent)
atacseq_bulk.01_nfcore-atacseq-wrapper	NFCORE_ATACSEQ:ATACSEQ:MERGED_REPLICATE_CONSENSUS_PEAKS:MACS2_CONSENSUS	quay.io/biocontainers/mulled-v2-2f48cc59b03027e31ead6d383fe1b8057785dd24:5d182f583f4696f4c4d9f3be93052811b383341f-0	recorded at run: manifest field containers[154].image	not recorded	recorded at run: manifest field containers[154].digest (absent)
atacseq_bulk.01_nfcore-atacseq-wrapper	NFCORE_ATACSEQ:ATACSEQ:MERGED_REPLICATE_CONSENSUS_PEAKS:SUBREAD_FEATURECOUNTS	quay.io/biocontainers/subread:2.0.1--hed695b0_0	recorded at run: manifest field containers[169].image	not recorded	recorded at run: manifest field containers[169].digest (absent)
atacseq_bulk.01_nfcore-atacseq-wrapper	NFCORE_ATACSEQ:ATACSEQ:MERGED_REPLICATE_MARKDUPLICATES_PICARD:BAM_STATS_SAMTOOLS:SAMTOOLS_FLAGSTAT	quay.io/biocontainers/samtools:1.17--h00cdaf9_0	recorded at run: manifest field containers[145].image	not recorded	recorded at run: manifest field containers[145].digest (absent)
atacseq_bulk.01_nfcore-atacseq-wrapper	NFCORE_ATACSEQ:ATACSEQ:MERGED_REPLICATE_MARKDUPLICATES_PICARD:BAM_STATS_SAMTOOLS:SAMTOOLS_IDXSTATS	quay.io/biocontainers/samtools:1.17--h00cdaf9_0	recorded at run: manifest field containers[143].image	not recorded	recorded at run: manifest field containers[143].digest (absent)
atacseq_bulk.01_nfcore-atacseq-wrapper	NFCORE_ATACSEQ:ATACSEQ:MERGED_REPLICATE_MARKDUPLICATES_PICARD:BAM_STATS_SAMTOOLS:SAMTOOLS_STATS	quay.io/biocontainers/samtools:1.17--h00cdaf9_0	recorded at run: manifest field containers[151].image	not recorded	recorded at run: manifest field containers[151].digest (absent)
atacseq_bulk.01_nfcore-atacseq-wrapper	NFCORE_ATACSEQ:ATACSEQ:MERGED_REPLICATE_MARKDUPLICATES_PICARD:PICARD_MARKDUPLICATES	quay.io/biocontainers/picard:3.0.0--hdfd78af_1	recorded at run: manifest field containers[89].image	not recorded	recorded at run: manifest field containers[89].digest (absent)
atacseq_bulk.01_nfcore-atacseq-wrapper	NFCORE_ATACSEQ:ATACSEQ:MERGED_REPLICATE_MARKDUPLICATES_PICARD:SAMTOOLS_INDEX	quay.io/biocontainers/samtools:1.17--h00cdaf9_0	recorded at run: manifest field containers[114].image	not recorded	recorded at run: manifest field containers[114].digest (absent)
atacseq_bulk.01_nfcore-atacseq-wrapper	NFCORE_ATACSEQ:ATACSEQ:MULTIQC	quay.io/biocontainers/multiqc:1.13--pyhdfd78af_0	recorded at run: manifest field containers[186].image	not recorded	recorded at run: manifest field containers[186].digest (absent)
atacseq_bulk.01_nfcore-atacseq-wrapper	NFCORE_ATACSEQ:ATACSEQ:PICARD_MERGESAMFILES_LIBRARY	quay.io/biocontainers/picard:3.0.0--hdfd78af_1	recorded at run: manifest field containers[27].image	not recorded	recorded at run: manifest field containers[27].digest (absent)
atacseq_bulk.01_nfcore-atacseq-wrapper	NFCORE_ATACSEQ:ATACSEQ:PICARD_MERGESAMFILES_REPLICATE	quay.io/biocontainers/picard:3.0.0--hdfd78af_1	recorded at run: manifest field containers[81].image	not recorded	recorded at run: manifest field containers[81].digest (absent)
atacseq_bulk.01_nfcore-atacseq-wrapper	NFCORE_ATACSEQ:ATACSEQ:PREPARE_GENOME:BWA_INDEX	quay.io/biocontainers/bwa:0.7.17--hed695b0_7	recorded at run: manifest field containers[4].image	not recorded	recorded at run: manifest field containers[4].digest (absent)
atacseq_bulk.01_nfcore-atacseq-wrapper	NFCORE_ATACSEQ:ATACSEQ:PREPARE_GENOME:CUSTOM_GETCHROMSIZES	quay.io/biocontainers/samtools:1.16.1--h6899075_1	recorded at run: manifest field containers[1].image	not recorded	recorded at run: manifest field containers[1].digest (absent)
atacseq_bulk.01_nfcore-atacseq-wrapper	NFCORE_ATACSEQ:ATACSEQ:PREPARE_GENOME:GENOME_BLACKLIST_REGIONS	quay.io/biocontainers/bedtools:2.30.0--hc088bd4_0	recorded at run: manifest field containers[5].image	not recorded	recorded at run: manifest field containers[5].digest (absent)
atacseq_bulk.01_nfcore-atacseq-wrapper	NFCORE_ATACSEQ:ATACSEQ:PREPARE_GENOME:GET_AUTOSOMES	quay.io/biocontainers/python:3.8.3	recorded at run: manifest field containers[2].image	not recorded	recorded at run: manifest field containers[2].digest (absent)
atacseq_bulk.01_nfcore-atacseq-wrapper	NFCORE_ATACSEQ:ATACSEQ:PREPARE_GENOME:GTF2BED	quay.io/biocontainers/perl:5.26.2	recorded at run: manifest field containers[3].image	not recorded	recorded at run: manifest field containers[3].digest (absent)
atacseq_bulk.01_nfcore-atacseq-wrapper	NFCORE_ATACSEQ:ATACSEQ:PREPARE_GENOME:TSS_EXTRACT	quay.io/nf-core/ubuntu:20.04	recorded at run: manifest field containers[14].image	not recorded	recorded at run: manifest field containers[14].digest (absent)
